Workbook

Sheet Jan
A1: =Summen!B1 -> Alta Engineering AG | F1: Monatsblatt | H1: Name: | J1: =Summen!B3 -> Michael Küng | N1: Monat: | P1: =Summen!B27 -> 46023 | S1: Anstellung : | U1: =Summen!B5 -> 1 | W1: Blatt Nr. | X1: 1
C2: Ferien: | E2: =Summen!B18 -> 10.8 | F2: Bezogen: | H2: 0 | I2: Rest: | J2: =E2-H2 -> 10.8 | T2: Stundenübertrag Vormonat : | U2: =Summen!B14 -> 0 | V2: Spesen
A3: Projekte | C3: Alta Engineering | L3: krank | M3: Reisezeit | N3: CAD | O3: Ausbildung | P3: Büro | Q3: Ferien | R3: Soll | S3: Ist | T3: +/- | U3: Stand | V3: Fr. | W3: Km | X3: Summe | Y3: Start [hh:mm] | Z3: Stop [hh:mm] | AA3: Start [hh:mm] | AB3: Stop [hh:mm] | AC3: Start [hh:mm] | AD3: Stop [hh:mm] | AE3: Start [hh:mm] | AF3: Stop [hh:mm] | AG3: Ist-Zeit [hh:mm] | AH3: Ist-Zeit [hh] | AI3: Ist-Zeit [.hh] | AJ3: Ist-Zeit [h.h] | AL3: Aufteilung - Istzeit
A4: =P1 -> 46023 | B4: =IFERROR(VLOOKUP(A4, Feiertage!$B:$C, 2, 0), IF(OR(WEEKDAY(A4,2)=6, WEEKDAY(A4,2)=7), Feiertage!$C$23, "")) -> * * * * * * * * Neujahr * * * * * * * * * * * * * * * * * * * * * * * * * * * * * * * * * * * * * * * * * * * * * * * * * * * * | R4: =IF(OR(WEEKDAY(A4,2)=6,WEEKDAY(A4,2)=7),0,IFERROR(IF(VLOOKUP(A4,Feiertage!$B:$D,3,0)="ja",0,Summen!$B$9),Summen!$B$9)) -> 0 | S4: =SUM(C4:Q4) -> 0 | T4: =S4-R4 -> 0 | U4: =U2+T4 -> 0 | X4: =V4+W4*Summen!$B$44 -> 0 | AG4: =(Z4-Y4)+(AB4-AA4)+(AD4-AC4)+(AF4-AE4) -> 0 | AH4: =HOUR(AG4) -> 0 | AI4: =MINUTE(AG4)/60 -> 0 | AJ4: =AH4+AI4 -> 0 | AL4: =SUM(C4:Q4)-AJ4 -> 0
A5: =A4+1 -> 46024 | B5: =IFERROR(VLOOKUP(A5, Feiertage!$B:$C, 2, 0), IF(OR(WEEKDAY(A5,2)=6, WEEKDAY(A5,2)=7), Feiertage!$C$23, "")) | R5: 0 | S5: =SUM(C5:Q5) -> 0 | T5: =S5-R5 -> 0 | U5: =U4+T5 -> 0 | X5: =V5+W5*Summen!$B$44 -> 0 | AG5: =(Z5-Y5)+(AB5-AA5)+(AD5-AC5)+(AF5-AE5) -> 0 | AH5: =HOUR(AG5) -> 0 | AI5: =MINUTE(AG5)/60 -> 0 | AJ5: =AH5+AI5 -> 0 | AL5: =SUM(C5:Q5)-AJ5 -> 0
A6: =A5+1 -> 46025 | B6: =IFERROR(VLOOKUP(A6, Feiertage!$B:$C, 2, 0), IF(OR(WEEKDAY(A6,2)=6, WEEKDAY(A6,2)=7), Feiertage!$C$23, "")) -> * * * * * * * * Wochenende * * * * * * * * * * * * * * * * * * * * * * * * * * * * * * * * * * * * * * * * * * * * * * * * | R6: =IF(OR(WEEKDAY(A6,2)=6,WEEKDAY(A6,2)=7),0,IFERROR(IF(VLOOKUP(A6,Feiertage!$B:$D,3,0)="ja",0,Summen!$B$9),Summen!$B$9)) -> 0 | S6: =SUM(C6:Q6) -> 0 | T6: =S6-R6 -> 0 | U6: =U5+T6 -> 0 | X6: =V6+W6*Summen!$B$44 -> 0 | AG6: =(Z6-Y6)+(AB6-AA6)+(AD6-AC6)+(AF6-AE6) -> 0 | AH6: =HOUR(AG6) -> 0 | AI6: =MINUTE(AG6)/60 -> 0 | AJ6: =AH6+AI6 -> 0 | AL6: =SUM(C6:Q6)-AJ6 -> 0
A7: =A6+1 -> 46026 | B7: =IFERROR(VLOOKUP(A7, Feiertage!$B:$C, 2, 0), IF(OR(WEEKDAY(A7,2)=6, WEEKDAY(A7,2)=7), Feiertage!$C$23, "")) -> * * * * * * * * Wochenende * * * * * * * * * * * * * * * * * * * * * * * * * * * * * * * * * * * * * * * * * * * * * * * * | R7: =IF(OR(WEEKDAY(A7,2)=6,WEEKDAY(A7,2)=7),0,IFERROR(IF(VLOOKUP(A7,Feiertage!$B:$D,3,0)="ja",0,Summen!$B$9),Summen!$B$9)) -> 0 | S7: =SUM(C7:Q7) -> 0 | T7: =S7-R7 -> 0 | U7: =U6+T7 -> 0 | X7: =V7+W7*Summen!$B$44 -> 0 | AG7: =(Z7-Y7)+(AB7-AA7)+(AD7-AC7)+(AF7-AE7) -> 0 | AH7: =HOUR(AG7) -> 0 | AI7: =MINUTE(AG7)/60 -> 0 | AJ7: =AH7+AI7 -> 0 | AL7: =SUM(C7:Q7)-AJ7 -> 0
A8: =A7+1 -> 46027 | B8: =IFERROR(VLOOKUP(A8, Feiertage!$B:$C, 2, 0), IF(OR(WEEKDAY(A8,2)=6, WEEKDAY(A8,2)=7), Feiertage!$C$23, "")) | R8: 0 | S8: =SUM(C8:Q8) -> 0 | T8: =S8-R8 -> 0 | U8: =U7+T8 -> 0 | X8: =V8+W8*Summen!$B$44 -> 0 | AG8: =(Z8-Y8)+(AB8-AA8)+(AD8-AC8)+(AF8-AE8) -> 0 | AH8: =HOUR(AG8) -> 0 | AI8: =MINUTE(AG8)/60 -> 0 | AJ8: =AH8+AI8 -> 0 | AL8: =SUM(C8:Q8)-AJ8 -> 0
A9: =A8+1 -> 46028 | B9: =IFERROR(VLOOKUP(A9, Feiertage!$B:$C, 2, 0), IF(OR(WEEKDAY(A9,2)=6, WEEKDAY(A9,2)=7), Feiertage!$C$23, "")) | R9: 0 | S9: =SUM(C9:Q9) -> 0 | T9: =S9-R9 -> 0 | U9: =U8+T9 -> 0 | X9: =V9+W9*Summen!$B$44 -> 0 | AG9: =(Z9-Y9)+(AB9-AA9)+(AD9-AC9)+(AF9-AE9) -> 0 | AH9: =HOUR(AG9) -> 0 | AI9: =MINUTE(AG9)/60 -> 0 | AJ9: =AH9+AI9 -> 0 | AL9: =SUM(C9:Q9)-AJ9 -> 0
A10: =A9+1 -> 46029 | B10: =IFERROR(VLOOKUP(A10, Feiertage!$B:$C, 2, 0), IF(OR(WEEKDAY(A10,2)=6, WEEKDAY(A10,2)=7), Feiertage!$C$23, "")) | R10: 0 | S10: =SUM(C10:Q10) -> 0 | T10: =S10-R10 -> 0 | U10: =U9+T10 -> 0 | X10: =V10+W10*Summen!$B$44 -> 0 | AG10: =(Z10-Y10)+(AB10-AA10)+(AD10-AC10)+(AF10-AE10) -> 0 | AH10: =HOUR(AG10) -> 0 | AI10: =MINUTE(AG10)/60 -> 0 | AJ10: =AH10+AI10 -> 0 | AL10: =SUM(C10:Q10)-AJ10 -> 0
A11: =A10+1 -> 46030 | B11: =IFERROR(VLOOKUP(A11, Feiertage!$B:$C, 2, 0), IF(OR(WEEKDAY(A11,2)=6, WEEKDAY(A11,2)=7), Feiertage!$C$23, "")) | R11: 0 | S11: =SUM(C11:Q11) -> 0 | T11: =S11-R11 -> 0 | U11: =U10+T11 -> 0 | X11: =V11+W11*Summen!$B$44 -> 0 | AG11: =(Z11-Y11)+(AB11-AA11)+(AD11-AC11)+(AF11-AE11) -> 0 | AH11: =HOUR(AG11) -> 0 | AI11: =MINUTE(AG11)/60 -> 0 | AJ11: =AH11+AI11 -> 0 | AL11: =SUM(C11:Q11)-AJ11 -> 0
A12: =A11+1 -> 46031 | B12: =IFERROR(VLOOKUP(A12, Feiertage!$B:$C, 2, 0), IF(OR(WEEKDAY(A12,2)=6, WEEKDAY(A12,2)=7), Feiertage!$C$23, "")) | R12: 0 | S12: =SUM(C12:Q12) -> 0 | T12: =S12-R12 -> 0 | U12: =U11+T12 -> 0 | X12: =V12+W12*Summen!$B$44 -> 0 | AG12: =(Z12-Y12)+(AB12-AA12)+(AD12-AC12)+(AF12-AE12) -> 0 | AH12: =HOUR(AG12) -> 0 | AI12: =MINUTE(AG12)/60 -> 0 | AJ12: =AH12+AI12 -> 0 | AL12: =SUM(C12:Q12)-AJ12 -> 0
A13: =A12+1 -> 46032 | B13: =IFERROR(VLOOKUP(A13, Feiertage!$B:$C, 2, 0), IF(OR(WEEKDAY(A13,2)=6, WEEKDAY(A13,2)=7), Feiertage!$C$23, "")) -> * * * * * * * * Wochenende * * * * * * * * * * * * * * * * * * * * * * * * * * * * * * * * * * * * * * * * * * * * * * * * | R13: =IF(OR(WEEKDAY(A13,2)=6,WEEKDAY(A13,2)=7),0,IFERROR(IF(VLOOKUP(A13,Feiertage!$B:$D,3,0)="ja",0,Summen!$B$9),Summen!$B$9)) -> 0 | S13: =SUM(C13:Q13) -> 0 | T13: =S13-R13 -> 0 | U13: =U12+T13 -> 0 | X13: =V13+W13*Summen!$B$44 -> 0 | AG13: =(Z13-Y13)+(AB13-AA13)+(AD13-AC13)+(AF13-AE13) -> 0 | AH13: =HOUR(AG13) -> 0 | AI13: =MINUTE(AG13)/60 -> 0 | AJ13: =AH13+AI13 -> 0 | AL13: =SUM(C13:Q13)-AJ13 -> 0
A14: =A13+1 -> 46033 | B14: =IFERROR(VLOOKUP(A14, Feiertage!$B:$C, 2, 0), IF(OR(WEEKDAY(A14,2)=6, WEEKDAY(A14,2)=7), Feiertage!$C$23, "")) -> * * * * * * * * Wochenende * * * * * * * * * * * * * * * * * * * * * * * * * * * * * * * * * * * * * * * * * * * * * * * * | R14: =IF(OR(WEEKDAY(A14,2)=6,WEEKDAY(A14,2)=7),0,IFERROR(IF(VLOOKUP(A14,Feiertage!$B:$D,3,0)="ja",0,Summen!$B$9),Summen!$B$9)) -> 0 | S14: =SUM(C14:Q14) -> 0 | T14: =S14-R14 -> 0 | U14: =U13+T14 -> 0 | X14: =V14+W14*Summen!$B$44 -> 0 | AG14: =(Z14-Y14)+(AB14-AA14)+(AD14-AC14)+(AF14-AE14) -> 0 | AH14: =HOUR(AG14) -> 0 | AI14: =MINUTE(AG14)/60 -> 0 | AJ14: =AH14+AI14 -> 0 | AL14: =SUM(C14:Q14)-AJ14 -> 0
A15: =A14+1 -> 46034 | B15: =IFERROR(VLOOKUP(A15, Feiertage!$B:$C, 2, 0), IF(OR(WEEKDAY(A15,2)=6, WEEKDAY(A15,2)=7), Feiertage!$C$23, "")) | R15: 0 | S15: =SUM(C15:Q15) -> 0 | T15: =S15-R15 -> 0 | U15: =U14+T15 -> 0 | X15: =V15+W15*Summen!$B$44 -> 0 | AG15: =(Z15-Y15)+(AB15-AA15)+(AD15-AC15)+(AF15-AE15) -> 0 | AH15: =HOUR(AG15) -> 0 | AI15: =MINUTE(AG15)/60 -> 0 | AJ15: =AH15+AI15 -> 0 | AL15: =SUM(C15:Q15)-AJ15 -> 0
A16: =A15+1 -> 46035 | B16: =IFERROR(VLOOKUP(A16, Feiertage!$B:$C, 2, 0), IF(OR(WEEKDAY(A16,2)=6, WEEKDAY(A16,2)=7), Feiertage!$C$23, "")) | R16: 0 | S16: =SUM(C16:Q16) -> 0 | T16: =S16-R16 -> 0 | U16: =U15+T16 -> 0 | X16: =V16+W16*Summen!$B$44 -> 0 | AG16: =(Z16-Y16)+(AB16-AA16)+(AD16-AC16)+(AF16-AE16) -> 0 | AH16: =HOUR(AG16) -> 0 | AI16: =MINUTE(AG16)/60 -> 0 | AJ16: =AH16+AI16 -> 0 | AL16: =SUM(C16:Q16)-AJ16 -> 0
A17: =A16+1 -> 46036 | B17: =IFERROR(VLOOKUP(A17, Feiertage!$B:$C, 2, 0), IF(OR(WEEKDAY(A17,2)=6, WEEKDAY(A17,2)=7), Feiertage!$C$23, "")) | R17: 0 | S17: =SUM(C17:Q17) -> 0 | T17: =S17-R17 -> 0 | U17: =U16+T17 -> 0 | X17: =V17+W17*Summen!$B$44 -> 0 | AG17: =(Z17-Y17)+(AB17-AA17)+(AD17-AC17)+(AF17-AE17) -> 0 | AH17: =HOUR(AG17) -> 0 | AI17: =MINUTE(AG17)/60 -> 0 | AJ17: =AH17+AI17 -> 0 | AL17: =SUM(C17:Q17)-AJ17 -> 0
A18: =A17+1 -> 46037 | B18: =IFERROR(VLOOKUP(A18, Feiertage!$B:$C, 2, 0), IF(OR(WEEKDAY(A18,2)=6, WEEKDAY(A18,2)=7), Feiertage!$C$23, "")) | R18: 0 | S18: =SUM(C18:Q18) -> 0 | T18: =S18-R18 -> 0 | U18: =U17+T18 -> 0 | X18: =V18+W18*Summen!$B$44 -> 0 | AG18: =(Z18-Y18)+(AB18-AA18)+(AD18-AC18)+(AF18-AE18) -> 0 | AH18: =HOUR(AG18) -> 0 | AI18: =MINUTE(AG18)/60 -> 0 | AJ18: =AH18+AI18 -> 0 | AL18: =SUM(C18:Q18)-AJ18 -> 0
A19: =A18+1 -> 46038 | B19: =IFERROR(VLOOKUP(A19, Feiertage!$B:$C, 2, 0), IF(OR(WEEKDAY(A19,2)=6, WEEKDAY(A19,2)=7), Feiertage!$C$23, "")) | R19: 0 | S19: =SUM(C19:Q19) -> 0 | T19: =S19-R19 -> 0 | U19: =U18+T19 -> 0 | X19: =V19+W19*Summen!$B$44 -> 0 | AG19: =(Z19-Y19)+(AB19-AA19)+(AD19-AC19)+(AF19-AE19) -> 0 | AH19: =HOUR(AG19) -> 0 | AI19: =MINUTE(AG19)/60 -> 0 | AJ19: =AH19+AI19 -> 0 | AL19: =SUM(C19:Q19)-AJ19 -> 0
A20: =A19+1 -> 46039 | B20: =IFERROR(VLOOKUP(A20, Feiertage!$B:$C, 2, 0), IF(OR(WEEKDAY(A20,2)=6, WEEKDAY(A20,2)=7), Feiertage!$C$23, "")) -> * * * * * * * * Wochenende * * * * * * * * * * * * * * * * * * * * * * * * * * * * * * * * * * * * * * * * * * * * * * * * | R20: =IF(OR(WEEKDAY(A20,2)=6,WEEKDAY(A20,2)=7),0,IFERROR(IF(VLOOKUP(A20,Feiertage!$B:$D,3,0)="ja",0,Summen!$B$9),Summen!$B$9)) -> 0 | S20: =SUM(C20:Q20) -> 0 | T20: =S20-R20 -> 0 | U20: =U19+T20 -> 0 | X20: =V20+W20*Summen!$B$44 -> 0 | AG20: =(Z20-Y20)+(AB20-AA20)+(AD20-AC20)+(AF20-AE20) -> 0 | AH20: =HOUR(AG20) -> 0 | AI20: =MINUTE(AG20)/60 -> 0 | AJ20: =AH20+AI20 -> 0 | AL20: =SUM(C20:Q20)-AJ20 -> 0
A21: =A20+1 -> 46040 | B21: =IFERROR(VLOOKUP(A21, Feiertage!$B:$C, 2, 0), IF(OR(WEEKDAY(A21,2)=6, WEEKDAY(A21,2)=7), Feiertage!$C$23, "")) -> * * * * * * * * Wochenende * * * * * * * * * * * * * * * * * * * * * * * * * * * * * * * * * * * * * * * * * * * * * * * * | R21: =IF(OR(WEEKDAY(A21,2)=6,WEEKDAY(A21,2)=7),0,IFERROR(IF(VLOOKUP(A21,Feiertage!$B:$D,3,0)="ja",0,Summen!$B$9),Summen!$B$9)) -> 0 | S21: =SUM(C21:Q21) -> 0 | T21: =S21-R21 -> 0 | U21: =U20+T21 -> 0 | X21: =V21+W21*Summen!$B$44 -> 0 | AG21: =(Z21-Y21)+(AB21-AA21)+(AD21-AC21)+(AF21-AE21) -> 0 | AH21: =HOUR(AG21) -> 0 | AI21: =MINUTE(AG21)/60 -> 0 | AJ21: =AH21+AI21 -> 0 | AL21: =SUM(C21:Q21)-AJ21 -> 0
A22: =A21+1 -> 46041 | B22: =IFERROR(VLOOKUP(A22, Feiertage!$B:$C, 2, 0), IF(OR(WEEKDAY(A22,2)=6, WEEKDAY(A22,2)=7), Feiertage!$C$23, "")) | R22: 0 | S22: =SUM(C22:Q22) -> 0 | T22: =S22-R22 -> 0 | U22: =U21+T22 -> 0 | X22: =V22+W22*Summen!$B$44 -> 0 | AG22: =(Z22-Y22)+(AB22-AA22)+(AD22-AC22)+(AF22-AE22) -> 0 | AH22: =HOUR(AG22) -> 0 | AI22: =MINUTE(AG22)/60 -> 0 | AJ22: =AH22+AI22 -> 0 | AL22: =SUM(C22:Q22)-AJ22 -> 0
A23: =A22+1 -> 46042 | B23: =IFERROR(VLOOKUP(A23, Feiertage!$B:$C, 2, 0), IF(OR(WEEKDAY(A23,2)=6, WEEKDAY(A23,2)=7), Feiertage!$C$23, "")) | R23: 0 | S23: =SUM(C23:Q23) -> 0 | T23: =S23-R23 -> 0 | U23: =U22+T23 -> 0 | X23: =V23+W23*Summen!$B$44 -> 0 | AG23: =(Z23-Y23)+(AB23-AA23)+(AD23-AC23)+(AF23-AE23) -> 0 | AH23: =HOUR(AG23) -> 0 | AI23: =MINUTE(AG23)/60 -> 0 | AJ23: =AH23+AI23 -> 0 | AL23: =SUM(C23:Q23)-AJ23 -> 0
A24: =A23+1 -> 46043 | B24: =IFERROR(VLOOKUP(A24, Feiertage!$B:$C, 2, 0), IF(OR(WEEKDAY(A24,2)=6, WEEKDAY(A24,2)=7), Feiertage!$C$23, "")) | R24: 0 | S24: =SUM(C24:Q24) -> 0 | T24: =S24-R24 -> 0 | U24: =U23+T24 -> 0 | X24: =V24+W24*Summen!$B$44 -> 0 | AG24: =(Z24-Y24)+(AB24-AA24)+(AD24-AC24)+(AF24-AE24) -> 0 | AH24: =HOUR(AG24) -> 0 | AI24: =MINUTE(AG24)/60 -> 0 | AJ24: =AH24+AI24 -> 0 | AL24: =SUM(C24:Q24)-AJ24 -> 0
A25: =A24+1 -> 46044 | B25: =IFERROR(VLOOKUP(A25, Feiertage!$B:$C, 2, 0), IF(OR(WEEKDAY(A25,2)=6, WEEKDAY(A25,2)=7), Feiertage!$C$23, "")) | R25: 0 | S25: =SUM(C25:Q25) -> 0 | T25: =S25-R25 -> 0 | U25: =U24+T25 -> 0 | X25: =V25+W25*Summen!$B$44 -> 0 | AG25: =(Z25-Y25)+(AB25-AA25)+(AD25-AC25)+(AF25-AE25) -> 0 | AH25: =HOUR(AG25) -> 0 | AI25: =MINUTE(AG25)/60 -> 0 | AJ25: =AH25+AI25 -> 0 | AL25: =SUM(C25:Q25)-AJ25 -> 0
A26: =A25+1 -> 46045 | B26: =IFERROR(VLOOKUP(A26, Feiertage!$B:$C, 2, 0), IF(OR(WEEKDAY(A26,2)=6, WEEKDAY(A26,2)=7), Feiertage!$C$23, "")) | R26: 0 | S26: =SUM(C26:Q26) -> 0 | T26: =S26-R26 -> 0 | U26: =U25+T26 -> 0 | X26: =V26+W26*Summen!$B$44 -> 0 | AG26: =(Z26-Y26)+(AB26-AA26)+(AD26-AC26)+(AF26-AE26) -> 0 | AH26: =HOUR(AG26) -> 0 | AI26: =MINUTE(AG26)/60 -> 0 | AJ26: =AH26+AI26 -> 0 | AL26: =SUM(C26:Q26)-AJ26 -> 0
A27: =A26+1 -> 46046 | B27: =IFERROR(VLOOKUP(A27, Feiertage!$B:$C, 2, 0), IF(OR(WEEKDAY(A27,2)=6, WEEKDAY(A27,2)=7), Feiertage!$C$23, "")) -> * * * * * * * * Wochenende * * * * * * * * * * * * * * * * * * * * * * * * * * * * * * * * * * * * * * * * * * * * * * * * | R27: =IF(OR(WEEKDAY(A27,2)=6,WEEKDAY(A27,2)=7),0,IFERROR(IF(VLOOKUP(A27,Feiertage!$B:$D,3,0)="ja",0,Summen!$B$9),Summen!$B$9)) -> 0 | S27: =SUM(C27:Q27) -> 0 | T27: =S27-R27 -> 0 | U27: =U26+T27 -> 0 | X27: =V27+W27*Summen!$B$44 -> 0 | AG27: =(Z27-Y27)+(AB27-AA27)+(AD27-AC27)+(AF27-AE27) -> 0 | AH27: =HOUR(AG27) -> 0 | AI27: =MINUTE(AG27)/60 -> 0 | AJ27: =AH27+AI27 -> 0 | AL27: =SUM(C27:Q27)-AJ27 -> 0
A28: =A27+1 -> 46047 | B28: =IFERROR(VLOOKUP(A28, Feiertage!$B:$C, 2, 0), IF(OR(WEEKDAY(A28,2)=6, WEEKDAY(A28,2)=7), Feiertage!$C$23, "")) -> * * * * * * * * Wochenende * * * * * * * * * * * * * * * * * * * * * * * * * * * * * * * * * * * * * * * * * * * * * * * * | R28: =IF(OR(WEEKDAY(A28,2)=6,WEEKDAY(A28,2)=7),0,IFERROR(IF(VLOOKUP(A28,Feiertage!$B:$D,3,0)="ja",0,Summen!$B$9),Summen!$B$9)) -> 0 | S28: =SUM(C28:Q28) -> 0 | T28: =S28-R28 -> 0 | U28: =U27+T28 -> 0 | X28: =V28+W28*Summen!$B$44 -> 0 | AG28: =(Z28-Y28)+(AB28-AA28)+(AD28-AC28)+(AF28-AE28) -> 0 | AH28: =HOUR(AG28) -> 0 | AI28: =MINUTE(AG28)/60 -> 0 | AJ28: =AH28+AI28 -> 0 | AL28: =SUM(C28:Q28)-AJ28 -> 0
A29: =A28+1 -> 46048 | B29: =IFERROR(VLOOKUP(A29, Feiertage!$B:$C, 2, 0), IF(OR(WEEKDAY(A29,2)=6, WEEKDAY(A29,2)=7), Feiertage!$C$23, "")) | R29: 0 | S29: =SUM(C29:Q29) -> 0 | T29: =S29-R29 -> 0 | U29: =U28+T29 -> 0 | X29: =V29+W29*Summen!$B$44 -> 0 | AG29: =(Z29-Y29)+(AB29-AA29)+(AD29-AC29)+(AF29-AE29) -> 0 | AH29: =HOUR(AG29) -> 0 | AI29: =MINUTE(AG29)/60 -> 0 | AJ29: =AH29+AI29 -> 0 | AL29: =SUM(C29:Q29)-AJ29 -> 0
A30: =A29+1 -> 46049 | B30: =IFERROR(VLOOKUP(A30, Feiertage!$B:$C, 2, 0), IF(OR(WEEKDAY(A30,2)=6, WEEKDAY(A30,2)=7), Feiertage!$C$23, "")) | R30: 0 | S30: =SUM(C30:Q30) -> 0 | T30: =S30-R30 -> 0 | U30: =U29+T30 -> 0 | X30: =V30+W30*Summen!$B$44 -> 0 | AG30: =(Z30-Y30)+(AB30-AA30)+(AD30-AC30)+(AF30-AE30) -> 0 | AH30: =HOUR(AG30) -> 0 | AI30: =MINUTE(AG30)/60 -> 0 | AJ30: =AH30+AI30 -> 0 | AL30: =SUM(C30:Q30)-AJ30 -> 0
A31: =A30+1 -> 46050 | B31: =IFERROR(VLOOKUP(A31, Feiertage!$B:$C, 2, 0), IF(OR(WEEKDAY(A31,2)=6, WEEKDAY(A31,2)=7), Feiertage!$C$23, "")) | R31: 0 | S31: =SUM(C31:Q31) -> 0 | T31: =S31-R31 -> 0 | U31: =U30+T31 -> 0 | X31: =V31+W31*Summen!$B$44 -> 0 | AG31: =(Z31-Y31)+(AB31-AA31)+(AD31-AC31)+(AF31-AE31) -> 0 | AH31: =HOUR(AG31) -> 0 | AI31: =MINUTE(AG31)/60 -> 0 | AJ31: =AH31+AI31 -> 0 | AL31: =SUM(C31:Q31)-AJ31 -> 0
A32: =A31+1 -> 46051 | B32: =IFERROR(VLOOKUP(A32, Feiertage!$B:$C, 2, 0), IF(OR(WEEKDAY(A32,2)=6, WEEKDAY(A32,2)=7), Feiertage!$C$23, "")) | R32: 0 | S32: =SUM(C32:Q32) -> 0 | T32: =S32-R32 -> 0 | U32: =U31+T32 -> 0 | X32: =V32+W32*Summen!$B$44 -> 0 | AG32: =(Z32-Y32)+(AB32-AA32)+(AD32-AC32)+(AF32-AE32) -> 0 | AH32: =HOUR(AG32) -> 0 | AI32: =MINUTE(AG32)/60 -> 0 | AJ32: =AH32+AI32 -> 0 | AL32: =SUM(C32:Q32)-AJ32 -> 0
A33: =A32+1 -> 46052 | B33: =IFERROR(VLOOKUP(A33, Feiertage!$B:$C, 2, 0), IF(OR(WEEKDAY(A33,2)=6, WEEKDAY(A33,2)=7), Feiertage!$C$23, "")) | R33: 0 | S33: =SUM(C33:Q33) -> 0 | T33: =S33-R33 -> 0 | U33: =U32+T33 -> 0 | X33: =V33+W33*Summen!$B$44 -> 0 | AG33: =(Z33-Y33)+(AB33-AA33)+(AD33-AC33)+(AF33-AE33) -> 0 | AH33: =HOUR(AG33) -> 0 | AI33: =MINUTE(AG33)/60 -> 0 | AJ33: =AH33+AI33 -> 0 | AL33: =SUM(C33:Q33)-AJ33 -> 0
A34: =A33+1 -> 46053 | B34: =IFERROR(VLOOKUP(A34, Feiertage!$B:$C, 2, 0), IF(OR(WEEKDAY(A34,2)=6, WEEKDAY(A34,2)=7), Feiertage!$C$23, "")) -> * * * * * * * * Wochenende * * * * * * * * * * * * * * * * * * * * * * * * * * * * * * * * * * * * * * * * * * * * * * * * | R34: =IF(OR(WEEKDAY(A34,2)=6,WEEKDAY(A34,2)=7),0,IFERROR(IF(VLOOKUP(A34,Feiertage!$B:$D,3,0)="ja",0,Summen!$B$9),Summen!$B$9)) -> 0 | S34: =SUM(C34:Q34) -> 0 | T34: =S34-R34 -> 0 | U34: =U33+T34 -> 0 | X34: =V34+W34*Summen!$B$44 -> 0 | AG34: =(Z34-Y34)+(AB34-AA34)+(AD34-AC34)+(AF34-AE34) -> 0 | AH34: =HOUR(AG34) -> 0 | AI34: =MINUTE(AG34)/60 -> 0 | AJ34: =AH34+AI34 -> 0 | AL34: =SUM(C34:Q34)-AJ34 -> 0
A35: Total | C35: =SUM(C4:C34) -> 0 | D35: =SUM(D4:D34) -> 0 | E35: =SUM(E4:E34) -> 0 | F35: =SUM(F4:F34) -> 0 | G35: =SUM(G4:G34) -> 0 | H35: =SUM(H4:H34) -> 0 | I35: =SUM(I4:I34) -> 0 | J35: =SUM(J4:J34) -> 0 | ... T35: =SUM(T4:T34) -> 0 | U35: =U34 -> 0 | V35: =SUM(V4:V34) -> 0 | W35: =SUM(W4:W34)*Summen!$B$44 -> 0 | X35: =V35+W35 -> 0 | AJ35: =SUM(AJ4:AJ34) -> 0 | AL35: =SUM(C35:Q35)-AJ35 -> 0

Sheet Feb
A1: =Summen!B1 -> Alta Engineering AG | F1: Monatsblatt | H1: Name: | J1: =Summen!B3 -> Michael Küng | N1: Monat: | P1: =Jan!P1+31 -> 46054 | S1: Anstellung : | U1: =Summen!B5 -> 1 | W1: Blatt Nr. | X1: =Jan!X1+1 -> 2
C2: Ferien: | E2: =Summen!B18 -> 10.8 | F2: Bezogen: | H2: =Jan!H2+(Jan!Q35/Summen!B9) -> 0 | I2: Rest: | J2: =E2-H2 -> 10.8 | T2: Stundenübertrag Vormonat : | U2: =Jan!U35 -> 0 | V2: Spesen
A3: Projekte | C3: Pfisterer AG | D3: Alta Eng. | L3: krank | M3: Reisezeit | N3: CAD | O3: Ausbildung | P3: Büro | Q3: Ferien | R3: Soll | S3: Ist | T3: +/- | U3: Stand | V3: Fr. | W3: Km | X3: Summe | Y3: Start [hh:mm] | Z3: Stop [hh:mm] | AA3: Start [hh:mm] | AB3: Stop [hh:mm] | AC3: Start [hh:mm] | AD3: Stop [hh:mm] | AE3: Start [hh:mm] | AF3: Stop [hh:mm] | AG3: Ist-Zeit [hh:mm] | AH3: Ist-Zeit [hh] | AI3: Ist-Zeit [.hh] | AJ3: Ist-Zeit [h.h] | AL3: Aufteilung - Istzeit
A4: =P1 -> 46054 | B4: =IFERROR(VLOOKUP(A4, Feiertage!$B:$C, 2, 0), IF(OR(WEEKDAY(A4,2)=6, WEEKDAY(A4,2)=7), Feiertage!$C$23, "")) -> * * * * * * * * Wochenende * * * * * * * * * * * * * * * * * * * * * * * * * * * * * * * * * * * * * * * * * * * * * * * * | R4: =IF(OR(WEEKDAY(A4,2)=6,WEEKDAY(A4,2)=7),0,IFERROR(IF(VLOOKUP(A4,Feiertage!$B:$D,3,0)="ja",0,Summen!$B$9),Summen!$B$9)) -> 0 | S4: =SUM(C4:Q4) -> 0 | T4: =S4-R4 -> 0 | U4: =U2+T4 -> 0 | X4: =V4+W4*Summen!$B$44 -> 0 | AG4: =(Z4-Y4)+(AB4-AA4)+(AD4-AC4)+(AF4-AE4) -> 0 | AH4: =HOUR(AG4) -> 0 | AI4: =MINUTE(AG4)/60 -> 0 | AJ4: =AH4+AI4 -> 0 | AL4: =SUM(C4:Q4)-AJ4 -> 0
A5: =A4+1 -> 46055 | B5: =IFERROR(VLOOKUP(A5, Feiertage!$B:$C, 2, 0), IF(OR(WEEKDAY(A5,2)=6, WEEKDAY(A5,2)=7), Feiertage!$C$23, "")) | R5: 0 | S5: =SUM(C5:Q5) -> 0 | T5: =S5-R5 -> 0 | U5: =U4+T5 -> 0 | X5: =V5+W5*Summen!$B$44 -> 0 | AG5: =(Z5-Y5)+(AB5-AA5)+(AD5-AC5)+(AF5-AE5) -> 0 | AH5: =HOUR(AG5) -> 0 | AI5: =MINUTE(AG5)/60 -> 0 | AJ5: =AH5+AI5 -> 0 | AL5: =SUM(C5:Q5)-AJ5 -> 0
A6: =A5+1 -> 46056 | B6: =IFERROR(VLOOKUP(A6, Feiertage!$B:$C, 2, 0), IF(OR(WEEKDAY(A6,2)=6, WEEKDAY(A6,2)=7), Feiertage!$C$23, "")) | R6: 0 | S6: =SUM(C6:Q6) -> 0 | T6: =S6-R6 -> 0 | U6: =U5+T6 -> 0 | X6: =V6+W6*Summen!$B$44 -> 0 | AG6: =(Z6-Y6)+(AB6-AA6)+(AD6-AC6)+(AF6-AE6) -> 0 | AH6: =HOUR(AG6) -> 0 | AI6: =MINUTE(AG6)/60 -> 0 | AJ6: =AH6+AI6 -> 0 | AL6: =SUM(C6:Q6)-AJ6 -> 0
A7: =A6+1 -> 46057 | B7: =IFERROR(VLOOKUP(A7, Feiertage!$B:$C, 2, 0), IF(OR(WEEKDAY(A7,2)=6, WEEKDAY(A7,2)=7), Feiertage!$C$23, "")) | R7: 0 | S7: =SUM(C7:Q7) -> 0 | T7: =S7-R7 -> 0 | U7: =U6+T7 -> 0 | X7: =V7+W7*Summen!$B$44 -> 0 | AG7: =(Z7-Y7)+(AB7-AA7)+(AD7-AC7)+(AF7-AE7) -> 0 | AH7: =HOUR(AG7) -> 0 | AI7: =MINUTE(AG7)/60 -> 0 | AJ7: =AH7+AI7 -> 0 | AL7: =SUM(C7:Q7)-AJ7 -> 0
A8: =A7+1 -> 46058 | B8: =IFERROR(VLOOKUP(A8, Feiertage!$B:$C, 2, 0), IF(OR(WEEKDAY(A8,2)=6, WEEKDAY(A8,2)=7), Feiertage!$C$23, "")) | R8: 0 | S8: =SUM(C8:Q8) -> 0 | T8: =S8-R8 -> 0 | U8: =U7+T8 -> 0 | X8: =V8+W8*Summen!$B$44 -> 0 | AG8: =(Z8-Y8)+(AB8-AA8)+(AD8-AC8)+(AF8-AE8) -> 0 | AH8: =HOUR(AG8) -> 0 | AI8: =MINUTE(AG8)/60 -> 0 | AJ8: =AH8+AI8 -> 0 | AL8: =SUM(C8:Q8)-AJ8 -> 0
A9: =A8+1 -> 46059 | B9: =IFERROR(VLOOKUP(A9, Feiertage!$B:$C, 2, 0), IF(OR(WEEKDAY(A9,2)=6, WEEKDAY(A9,2)=7), Feiertage!$C$23, "")) | R9: 0 | S9: =SUM(C9:Q9) -> 0 | T9: =S9-R9 -> 0 | U9: =U8+T9 -> 0 | X9: =V9+W9*Summen!$B$44 -> 0 | AG9: =(Z9-Y9)+(AB9-AA9)+(AD9-AC9)+(AF9-AE9) -> 0 | AH9: =HOUR(AG9) -> 0 | AI9: =MINUTE(AG9)/60 -> 0 | AJ9: =AH9+AI9 -> 0 | AL9: =SUM(C9:Q9)-AJ9 -> 0
A10: =A9+1 -> 46060 | B10: =IFERROR(VLOOKUP(A10, Feiertage!$B:$C, 2, 0), IF(OR(WEEKDAY(A10,2)=6, WEEKDAY(A10,2)=7), Feiertage!$C$23, "")) -> * * * * * * * * Wochenende * * * * * * * * * * * * * * * * * * * * * * * * * * * * * * * * * * * * * * * * * * * * * * * * | R10: =IF(OR(WEEKDAY(A10,2)=6,WEEKDAY(A10,2)=7),0,IFERROR(IF(VLOOKUP(A10,Feiertage!$B:$D,3,0)="ja",0,Summen!$B$9),Summen!$B$9)) -> 0 | S10: =SUM(C10:Q10) -> 0 | T10: =S10-R10 -> 0 | U10: =U9+T10 -> 0 | X10: =V10+W10*Summen!$B$44 -> 0 | AG10: =(Z10-Y10)+(AB10-AA10)+(AD10-AC10)+(AF10-AE10) -> 0 | AH10: =HOUR(AG10) -> 0 | AI10: =MINUTE(AG10)/60 -> 0 | AJ10: =AH10+AI10 -> 0 | AL10: =SUM(C10:Q10)-AJ10 -> 0
A11: =A10+1 -> 46061 | B11: =IFERROR(VLOOKUP(A11, Feiertage!$B:$C, 2, 0), IF(OR(WEEKDAY(A11,2)=6, WEEKDAY(A11,2)=7), Feiertage!$C$23, "")) -> * * * * * * * * Wochenende * * * * * * * * * * * * * * * * * * * * * * * * * * * * * * * * * * * * * * * * * * * * * * * * | R11: =IF(OR(WEEKDAY(A11,2)=6,WEEKDAY(A11,2)=7),0,IFERROR(IF(VLOOKUP(A11,Feiertage!$B:$D,3,0)="ja",0,Summen!$B$9),Summen!$B$9)) -> 0 | S11: =SUM(C11:Q11) -> 0 | T11: =S11-R11 -> 0 | U11: =U10+T11 -> 0 | X11: =V11+W11*Summen!$B$44 -> 0 | AG11: =(Z11-Y11)+(AB11-AA11)+(AD11-AC11)+(AF11-AE11) -> 0 | AH11: =HOUR(AG11) -> 0 | AI11: =MINUTE(AG11)/60 -> 0 | AJ11: =AH11+AI11 -> 0 | AL11: =SUM(C11:Q11)-AJ11 -> 0
A12: =A11+1 -> 46062 | B12: =IFERROR(VLOOKUP(A12, Feiertage!$B:$C, 2, 0), IF(OR(WEEKDAY(A12,2)=6, WEEKDAY(A12,2)=7), Feiertage!$C$23, "")) | R12: 0 | S12: =SUM(C12:Q12) -> 0 | T12: =S12-R12 -> 0 | U12: =U11+T12 -> 0 | X12: =V12+W12*Summen!$B$44 -> 0 | AG12: =(Z12-Y12)+(AB12-AA12)+(AD12-AC12)+(AF12-AE12) -> 0 | AH12: =HOUR(AG12) -> 0 | AI12: =MINUTE(AG12)/60 -> 0 | AJ12: =AH12+AI12 -> 0 | AL12: =SUM(C12:Q12)-AJ12 -> 0
A13: =A12+1 -> 46063 | B13: =IFERROR(VLOOKUP(A13, Feiertage!$B:$C, 2, 0), IF(OR(WEEKDAY(A13,2)=6, WEEKDAY(A13,2)=7), Feiertage!$C$23, "")) | R13: 0 | S13: =SUM(C13:Q13) -> 0 | T13: =S13-R13 -> 0 | U13: =U12+T13 -> 0 | X13: =V13+W13*Summen!$B$44 -> 0 | AG13: =(Z13-Y13)+(AB13-AA13)+(AD13-AC13)+(AF13-AE13) -> 0 | AH13: =HOUR(AG13) -> 0 | AI13: =MINUTE(AG13)/60 -> 0 | AJ13: =AH13+AI13 -> 0 | AL13: =SUM(C13:Q13)-AJ13 -> 0
A14: =A13+1 -> 46064 | B14: =IFERROR(VLOOKUP(A14, Feiertage!$B:$C, 2, 0), IF(OR(WEEKDAY(A14,2)=6, WEEKDAY(A14,2)=7), Feiertage!$C$23, "")) | R14: 0 | S14: =SUM(C14:Q14) -> 0 | T14: =S14-R14 -> 0 | U14: =U13+T14 -> 0 | X14: =V14+W14*Summen!$B$44 -> 0 | AG14: =(Z14-Y14)+(AB14-AA14)+(AD14-AC14)+(AF14-AE14) -> 0 | AH14: =HOUR(AG14) -> 0 | AI14: =MINUTE(AG14)/60 -> 0 | AJ14: =AH14+AI14 -> 0 | AL14: =SUM(C14:Q14)-AJ14 -> 0
A15: =A14+1 -> 46065 | B15: =IFERROR(VLOOKUP(A15, Feiertage!$B:$C, 2, 0), IF(OR(WEEKDAY(A15,2)=6, WEEKDAY(A15,2)=7), Feiertage!$C$23, "")) | R15: 0 | S15: =SUM(C15:Q15) -> 0 | T15: =S15-R15 -> 0 | U15: =U14+T15 -> 0 | X15: =V15+W15*Summen!$B$44 -> 0 | AG15: =(Z15-Y15)+(AB15-AA15)+(AD15-AC15)+(AF15-AE15) -> 0 | AH15: =HOUR(AG15) -> 0 | AI15: =MINUTE(AG15)/60 -> 0 | AJ15: =AH15+AI15 -> 0 | AL15: =SUM(C15:Q15)-AJ15 -> 0
A16: =A15+1 -> 46066 | B16: =IFERROR(VLOOKUP(A16, Feiertage!$B:$C, 2, 0), IF(OR(WEEKDAY(A16,2)=6, WEEKDAY(A16,2)=7), Feiertage!$C$23, "")) | R16: 0 | S16: =SUM(C16:Q16) -> 0 | T16: =S16-R16 -> 0 | U16: =U15+T16 -> 0 | X16: =V16+W16*Summen!$B$44 -> 0 | AG16: =(Z16-Y16)+(AB16-AA16)+(AD16-AC16)+(AF16-AE16) -> 0 | AH16: =HOUR(AG16) -> 0 | AI16: =MINUTE(AG16)/60 -> 0 | AJ16: =AH16+AI16 -> 0 | AL16: =SUM(C16:Q16)-AJ16 -> 0
A17: =A16+1 -> 46067 | B17: =IFERROR(VLOOKUP(A17, Feiertage!$B:$C, 2, 0), IF(OR(WEEKDAY(A17,2)=6, WEEKDAY(A17,2)=7), Feiertage!$C$23, "")) -> * * * * * * * * Wochenende * * * * * * * * * * * * * * * * * * * * * * * * * * * * * * * * * * * * * * * * * * * * * * * * | R17: =IF(OR(WEEKDAY(A17,2)=6,WEEKDAY(A17,2)=7),0,IFERROR(IF(VLOOKUP(A17,Feiertage!$B:$D,3,0)="ja",0,Summen!$B$9),Summen!$B$9)) -> 0 | S17: =SUM(C17:Q17) -> 0 | T17: =S17-R17 -> 0 | U17: =U16+T17 -> 0 | X17: =V17+W17*Summen!$B$44 -> 0 | AG17: =(Z17-Y17)+(AB17-AA17)+(AD17-AC17)+(AF17-AE17) -> 0 | AH17: =HOUR(AG17) -> 0 | AI17: =MINUTE(AG17)/60 -> 0 | AJ17: =AH17+AI17 -> 0 | AL17: =SUM(C17:Q17)-AJ17 -> 0
A18: =A17+1 -> 46068 | B18: =IFERROR(VLOOKUP(A18, Feiertage!$B:$C, 2, 0), IF(OR(WEEKDAY(A18,2)=6, WEEKDAY(A18,2)=7), Feiertage!$C$23, "")) -> * * * * * * * * Wochenende * * * * * * * * * * * * * * * * * * * * * * * * * * * * * * * * * * * * * * * * * * * * * * * * | R18: =IF(OR(WEEKDAY(A18,2)=6,WEEKDAY(A18,2)=7),0,IFERROR(IF(VLOOKUP(A18,Feiertage!$B:$D,3,0)="ja",0,Summen!$B$9),Summen!$B$9)) -> 0 | S18: =SUM(C18:Q18) -> 0 | T18: =S18-R18 -> 0 | U18: =U17+T18 -> 0 | X18: =V18+W18*Summen!$B$44 -> 0 | AG18: =(Z18-Y18)+(AB18-AA18)+(AD18-AC18)+(AF18-AE18) -> 0 | AH18: =HOUR(AG18) -> 0 | AI18: =MINUTE(AG18)/60 -> 0 | AJ18: =AH18+AI18 -> 0 | AL18: =SUM(C18:Q18)-AJ18 -> 0
A19: =A18+1 -> 46069 | B19: =IFERROR(VLOOKUP(A19, Feiertage!$B:$C, 2, 0), IF(OR(WEEKDAY(A19,2)=6, WEEKDAY(A19,2)=7), Feiertage!$C$23, "")) | R19: 0 | S19: =SUM(C19:Q19) -> 0 | T19: =S19-R19 -> 0 | U19: =U18+T19 -> 0 | X19: =V19+W19*Summen!$B$44 -> 0 | AG19: =(Z19-Y19)+(AB19-AA19)+(AD19-AC19)+(AF19-AE19) -> 0 | AH19: =HOUR(AG19) -> 0 | AI19: =MINUTE(AG19)/60 -> 0 | AJ19: =AH19+AI19 -> 0 | AL19: =SUM(C19:Q19)-AJ19 -> 0
A20: =A19+1 -> 46070 | B20: =IFERROR(VLOOKUP(A20, Feiertage!$B:$C, 2, 0), IF(OR(WEEKDAY(A20,2)=6, WEEKDAY(A20,2)=7), Feiertage!$C$23, "")) | R20: 0 | S20: =SUM(C20:Q20) -> 0 | T20: =S20-R20 -> 0 | U20: =U19+T20 -> 0 | X20: =V20+W20*Summen!$B$44 -> 0 | AG20: =(Z20-Y20)+(AB20-AA20)+(AD20-AC20)+(AF20-AE20) -> 0 | AH20: =HOUR(AG20) -> 0 | AI20: =MINUTE(AG20)/60 -> 0 | AJ20: =AH20+AI20 -> 0 | AL20: =SUM(C20:Q20)-AJ20 -> 0
A21: =A20+1 -> 46071 | B21: =IFERROR(VLOOKUP(A21, Feiertage!$B:$C, 2, 0), IF(OR(WEEKDAY(A21,2)=6, WEEKDAY(A21,2)=7), Feiertage!$C$23, "")) | R21: 0 | S21: =SUM(C21:Q21) -> 0 | T21: =S21-R21 -> 0 | U21: =U20+T21 -> 0 | X21: =V21+W21*Summen!$B$44 -> 0 | AG21: =(Z21-Y21)+(AB21-AA21)+(AD21-AC21)+(AF21-AE21) -> 0 | AH21: =HOUR(AG21) -> 0 | AI21: =MINUTE(AG21)/60 -> 0 | AJ21: =AH21+AI21 -> 0 | AL21: =SUM(C21:Q21)-AJ21 -> 0
A22: =A21+1 -> 46072 | B22: =IFERROR(VLOOKUP(A22, Feiertage!$B:$C, 2, 0), IF(OR(WEEKDAY(A22,2)=6, WEEKDAY(A22,2)=7), Feiertage!$C$23, "")) | R22: 0 | S22: =SUM(C22:Q22) -> 0 | T22: =S22-R22 -> 0 | U22: =U21+T22 -> 0 | X22: =V22+W22*Summen!$B$44 -> 0 | AG22: =(Z22-Y22)+(AB22-AA22)+(AD22-AC22)+(AF22-AE22) -> 0 | AH22: =HOUR(AG22) -> 0 | AI22: =MINUTE(AG22)/60 -> 0 | AJ22: =AH22+AI22 -> 0 | AL22: =SUM(C22:Q22)-AJ22 -> 0
A23: =A22+1 -> 46073 | B23: =IFERROR(VLOOKUP(A23, Feiertage!$B:$C, 2, 0), IF(OR(WEEKDAY(A23,2)=6, WEEKDAY(A23,2)=7), Feiertage!$C$23, "")) | R23: 0 | S23: =SUM(C23:Q23) -> 0 | T23: =S23-R23 -> 0 | U23: =U22+T23 -> 0 | X23: =V23+W23*Summen!$B$44 -> 0 | AG23: =(Z23-Y23)+(AB23-AA23)+(AD23-AC23)+(AF23-AE23) -> 0 | AH23: =HOUR(AG23) -> 0 | AI23: =MINUTE(AG23)/60 -> 0 | AJ23: =AH23+AI23 -> 0 | AL23: =SUM(C23:Q23)-AJ23 -> 0
A24: =A23+1 -> 46074 | B24: =IFERROR(VLOOKUP(A24, Feiertage!$B:$C, 2, 0), IF(OR(WEEKDAY(A24,2)=6, WEEKDAY(A24,2)=7), Feiertage!$C$23, "")) -> * * * * * * * * Wochenende * * * * * * * * * * * * * * * * * * * * * * * * * * * * * * * * * * * * * * * * * * * * * * * * | R24: =IF(OR(WEEKDAY(A24,2)=6,WEEKDAY(A24,2)=7),0,IFERROR(IF(VLOOKUP(A24,Feiertage!$B:$D,3,0)="ja",0,Summen!$B$9),Summen!$B$9)) -> 0 | S24: =SUM(C24:Q24) -> 0 | T24: =S24-R24 -> 0 | U24: =U23+T24 -> 0 | X24: =V24+W24*Summen!$B$44 -> 0 | AG24: =(Z24-Y24)+(AB24-AA24)+(AD24-AC24)+(AF24-AE24) -> 0 | AH24: =HOUR(AG24) -> 0 | AI24: =MINUTE(AG24)/60 -> 0 | AJ24: =AH24+AI24 -> 0 | AL24: =SUM(C24:Q24)-AJ24 -> 0
A25: =A24+1 -> 46075 | B25: =IFERROR(VLOOKUP(A25, Feiertage!$B:$C, 2, 0), IF(OR(WEEKDAY(A25,2)=6, WEEKDAY(A25,2)=7), Feiertage!$C$23, "")) -> * * * * * * * * Wochenende * * * * * * * * * * * * * * * * * * * * * * * * * * * * * * * * * * * * * * * * * * * * * * * * | R25: =IF(OR(WEEKDAY(A25,2)=6,WEEKDAY(A25,2)=7),0,IFERROR(IF(VLOOKUP(A25,Feiertage!$B:$D,3,0)="ja",0,Summen!$B$9),Summen!$B$9)) -> 0 | S25: =SUM(C25:Q25) -> 0 | T25: =S25-R25 -> 0 | U25: =U24+T25 -> 0 | X25: =V25+W25*Summen!$B$44 -> 0 | AG25: =(Z25-Y25)+(AB25-AA25)+(AD25-AC25)+(AF25-AE25) -> 0 | AH25: =HOUR(AG25) -> 0 | AI25: =MINUTE(AG25)/60 -> 0 | AJ25: =AH25+AI25 -> 0 | AL25: =SUM(C25:Q25)-AJ25 -> 0
A26: =A25+1 -> 46076 | B26: =IFERROR(VLOOKUP(A26, Feiertage!$B:$C, 2, 0), IF(OR(WEEKDAY(A26,2)=6, WEEKDAY(A26,2)=7), Feiertage!$C$23, "")) | R26: 0 | S26: =SUM(C26:Q26) -> 0 | T26: =S26-R26 -> 0 | U26: =U25+T26 -> 0 | X26: =V26+W26*Summen!$B$44 -> 0 | AG26: =(Z26-Y26)+(AB26-AA26)+(AD26-AC26)+(AF26-AE26) -> 0 | AH26: =HOUR(AG26) -> 0 | AI26: =MINUTE(AG26)/60 -> 0 | AJ26: =AH26+AI26 -> 0 | AL26: =SUM(C26:Q26)-AJ26 -> 0
A27: =A26+1 -> 46077 | B27: =IFERROR(VLOOKUP(A27, Feiertage!$B:$C, 2, 0), IF(OR(WEEKDAY(A27,2)=6, WEEKDAY(A27,2)=7), Feiertage!$C$23, "")) | R27: 0 | S27: =SUM(C27:Q27) -> 0 | T27: =S27-R27 -> 0 | U27: =U26+T27 -> 0 | X27: =V27+W27*Summen!$B$44 -> 0 | AG27: =(Z27-Y27)+(AB27-AA27)+(AD27-AC27)+(AF27-AE27) -> 0 | AH27: =HOUR(AG27) -> 0 | AI27: =MINUTE(AG27)/60 -> 0 | AJ27: =AH27+AI27 -> 0 | AL27: =SUM(C27:Q27)-AJ27 -> 0
A28: =A27+1 -> 46078 | B28: =IFERROR(VLOOKUP(A28, Feiertage!$B:$C, 2, 0), IF(OR(WEEKDAY(A28,2)=6, WEEKDAY(A28,2)=7), Feiertage!$C$23, "")) | R28: 0 | S28: =SUM(C28:Q28) -> 0 | T28: =S28-R28 -> 0 | U28: =U27+T28 -> 0 | X28: =V28+W28*Summen!$B$44 -> 0 | AG28: =(Z28-Y28)+(AB28-AA28)+(AD28-AC28)+(AF28-AE28) -> 0 | AH28: =HOUR(AG28) -> 0 | AI28: =MINUTE(AG28)/60 -> 0 | AJ28: =AH28+AI28 -> 0 | AL28: =SUM(C28:Q28)-AJ28 -> 0
A29: =A28+1 -> 46079 | B29: =IFERROR(VLOOKUP(A29, Feiertage!$B:$C, 2, 0), IF(OR(WEEKDAY(A29,2)=6, WEEKDAY(A29,2)=7), Feiertage!$C$23, "")) | R29: 0 | S29: =SUM(C29:Q29) -> 0 | T29: =S29-R29 -> 0 | U29: =U28+T29 -> 0 | X29: =V29+W29*Summen!$B$44 -> 0 | AG29: =(Z29-Y29)+(AB29-AA29)+(AD29-AC29)+(AF29-AE29) -> 0 | AH29: =HOUR(AG29) -> 0 | AI29: =MINUTE(AG29)/60 -> 0 | AJ29: =AH29+AI29 -> 0 | AL29: =SUM(C29:Q29)-AJ29 -> 0
A30: =A29+1 -> 46080 | B30: =IFERROR(VLOOKUP(A30, Feiertage!$B:$C, 2, 0), IF(OR(WEEKDAY(A30,2)=6, WEEKDAY(A30,2)=7), Feiertage!$C$23, "")) | R30: 0 | S30: =SUM(C30:Q30) -> 0 | T30: =S30-R30 -> 0 | U30: =U29+T30 -> 0 | X30: =V30+W30*Summen!$B$44 -> 0 | AG30: =(Z30-Y30)+(AB30-AA30)+(AD30-AC30)+(AF30-AE30) -> 0 | AH30: =HOUR(AG30) -> 0 | AI30: =MINUTE(AG30)/60 -> 0 | AJ30: =AH30+AI30 -> 0 | AL30: =SUM(C30:Q30)-AJ30 -> 0
A31: =A30+1 -> 46081 | B31: =IFERROR(VLOOKUP(A31, Feiertage!$B:$C, 2, 0), IF(OR(WEEKDAY(A31,2)=6, WEEKDAY(A31,2)=7), Feiertage!$C$23, "")) -> * * * * * * * * Wochenende * * * * * * * * * * * * * * * * * * * * * * * * * * * * * * * * * * * * * * * * * * * * * * * * | R31: =IF(OR(WEEKDAY(A31,2)=6,WEEKDAY(A31,2)=7),0,IFERROR(IF(VLOOKUP(A31,Feiertage!$B:$D,3,0)="ja",0,Summen!$B$9),Summen!$B$9)) -> 0 | S31: =SUM(C31:Q31) -> 0 | T31: =S31-R31 -> 0 | U31: =U30+T31 -> 0 | X31: =V31+W31*Summen!$B$44 -> 0 | AG31: =(Z31-Y31)+(AB31-AA31)+(AD31-AC31)+(AF31-AE31) -> 0 | AH31: =HOUR(AG31) -> 0 | AI31: =MINUTE(AG31)/60 -> 0 | AJ31: =AH31+AI31 -> 0 | AL31: =SUM(C31:Q31)-AJ31 -> 0
A32: Total | C32: =SUM(C4:C31) -> 0 | D32: =SUM(D4:D31) -> 0 | E32: =SUM(E4:E31) -> 0 | F32: =SUM(F4:F31) -> 0 | G32: =SUM(G4:G31) -> 0 | H32: =SUM(H4:H31) -> 0 | I32: =SUM(I4:I31) -> 0 | J32: =SUM(J4:J31) -> 0 | ... T32: =SUM(T4:T31) -> 0 | U32: =U31 -> 0 | V32: =SUM(V4:V31) -> 0 | W32: =SUM(W4:W31)*Summen!$B$44 -> 0 | X32: =V32+W32 -> 0 | AJ32: =SUM(AJ4:AJ31) -> 0 | AL32: =SUM(C32:Q32)-AJ32 -> 0
AA44: :

Sheet Mar
A1: =Summen!B1 -> Alta Engineering AG | F1: Monatsblatt | H1: Name: | J1: =Summen!B3 -> Michael Küng | N1: Monat: | P1: =Feb!P1+28 -> 46082 | S1: Anstellung : | U1: =Summen!B5 -> 1 | W1: Blatt Nr. | X1: =Feb!X1+1 -> 3
C2: Ferien: | E2: =Summen!B18 -> 10.8 | F2: Bezogen: | H2: =Feb!H2+(Feb!Q32/Summen!B9) -> 0 | I2: Rest: | J2: =E2-H2 -> 10.8 | T2: Stundenübertrag Vormonat : | U2: =Feb!U32 -> 0 | V2: Spesen
A3: Projekte | L3: krank | M3: Reisezeit | N3: CAD | O3: Ausbildung | P3: Büro | Q3: Ferien | R3: Soll | S3: Ist | T3: +/- | U3: Stand | V3: Fr. | W3: Km | X3: Summe | Y3: Start [hh:mm] | Z3: Stop [hh:mm] | AA3: Start [hh:mm] | AB3: Stop [hh:mm] | AC3: Start [hh:mm] | AD3: Stop [hh:mm] | AE3: Start [hh:mm] | AF3: Stop [hh:mm] | AG3: Ist-Zeit [hh:mm] | AH3: Ist-Zeit [hh] | AI3: Ist-Zeit [.hh] | AJ3: Ist-Zeit [h.h] | AL3: Aufteilung - Istzeit
A4: =P1 -> 46082 | B4: =IFERROR(VLOOKUP(A4, Feiertage!$B:$C, 2, 0), IF(OR(WEEKDAY(A4,2)=6, WEEKDAY(A4,2)=7), Feiertage!$C$23, "")) -> * * * * * * * * Wochenende * * * * * * * * * * * * * * * * * * * * * * * * * * * * * * * * * * * * * * * * * * * * * * * * | R4: =IF(OR(WEEKDAY(A4,2)=6,WEEKDAY(A4,2)=7),0,IFERROR(IF(VLOOKUP(A4,Feiertage!$B:$D,3,0)="ja",0,Summen!$B$9),Summen!$B$9)) -> 0 | S4: =SUM(C4:Q4) -> 0 | T4: =S4-R4 -> 0 | U4: =U2+T4 -> 0 | X4: =V4+W4*Summen!$B$44 -> 0 | AG4: =(Z4-Y4)+(AB4-AA4)+(AD4-AC4)+(AF4-AE4) -> 0 | AH4: =HOUR(AG4) -> 0 | AI4: =MINUTE(AG4)/60 -> 0 | AJ4: =AH4+AI4 -> 0 | AL4: =SUM(C4:Q4)-AJ4 -> 0
A5: =A4+1 -> 46083 | B5: =IFERROR(VLOOKUP(A5, Feiertage!$B:$C, 2, 0), IF(OR(WEEKDAY(A5,2)=6, WEEKDAY(A5,2)=7), Feiertage!$C$23, "")) | R5: 0 | S5: =SUM(C5:Q5) -> 0 | T5: =S5-R5 -> 0 | U5: =U4+T5 -> 0 | X5: =V5+W5*Summen!$B$44 -> 0 | AG5: =(Z5-Y5)+(AB5-AA5)+(AD5-AC5)+(AF5-AE5) -> 0 | AH5: =HOUR(AG5) -> 0 | AI5: =MINUTE(AG5)/60 -> 0 | AJ5: =AH5+AI5 -> 0 | AL5: =SUM(C5:Q5)-AJ5 -> 0
A6: =A5+1 -> 46084 | B6: =IFERROR(VLOOKUP(A6, Feiertage!$B:$C, 2, 0), IF(OR(WEEKDAY(A6,2)=6, WEEKDAY(A6,2)=7), Feiertage!$C$23, "")) | R6: 0 | S6: =SUM(C6:Q6) -> 0 | T6: =S6-R6 -> 0 | U6: =U5+T6 -> 0 | X6: =V6+W6*Summen!$B$44 -> 0 | AG6: =(Z6-Y6)+(AB6-AA6)+(AD6-AC6)+(AF6-AE6) -> 0 | AH6: =HOUR(AG6) -> 0 | AI6: =MINUTE(AG6)/60 -> 0 | AJ6: =AH6+AI6 -> 0 | AL6: =SUM(C6:Q6)-AJ6 -> 0
A7: =A6+1 -> 46085 | B7: =IFERROR(VLOOKUP(A7, Feiertage!$B:$C, 2, 0), IF(OR(WEEKDAY(A7,2)=6, WEEKDAY(A7,2)=7), Feiertage!$C$23, "")) | R7: 0 | S7: =SUM(C7:Q7) -> 0 | T7: =S7-R7 -> 0 | U7: =U6+T7 -> 0 | X7: =V7+W7*Summen!$B$44 -> 0 | AG7: =(Z7-Y7)+(AB7-AA7)+(AD7-AC7)+(AF7-AE7) -> 0 | AH7: =HOUR(AG7) -> 0 | AI7: =MINUTE(AG7)/60 -> 0 | AJ7: =AH7+AI7 -> 0 | AL7: =SUM(C7:Q7)-AJ7 -> 0
A8: =A7+1 -> 46086 | B8: =IFERROR(VLOOKUP(A8, Feiertage!$B:$C, 2, 0), IF(OR(WEEKDAY(A8,2)=6, WEEKDAY(A8,2)=7), Feiertage!$C$23, "")) | R8: 0 | S8: =SUM(C8:Q8) -> 0 | T8: =S8-R8 -> 0 | U8: =U7+T8 -> 0 | X8: =V8+W8*Summen!$B$44 -> 0 | AG8: =(Z8-Y8)+(AB8-AA8)+(AD8-AC8)+(AF8-AE8) -> 0 | AH8: =HOUR(AG8) -> 0 | AI8: =MINUTE(AG8)/60 -> 0 | AJ8: =AH8+AI8 -> 0 | AL8: =SUM(C8:Q8)-AJ8 -> 0
A9: =A8+1 -> 46087 | B9: =IFERROR(VLOOKUP(A9, Feiertage!$B:$C, 2, 0), IF(OR(WEEKDAY(A9,2)=6, WEEKDAY(A9,2)=7), Feiertage!$C$23, "")) | R9: 0 | S9: =SUM(C9:Q9) -> 0 | T9: =S9-R9 -> 0 | U9: =U8+T9 -> 0 | X9: =V9+W9*Summen!$B$44 -> 0 | AG9: =(Z9-Y9)+(AB9-AA9)+(AD9-AC9)+(AF9-AE9) -> 0 | AH9: =HOUR(AG9) -> 0 | AI9: =MINUTE(AG9)/60 -> 0 | AJ9: =AH9+AI9 -> 0 | AL9: =SUM(C9:Q9)-AJ9 -> 0
A10: =A9+1 -> 46088 | B10: =IFERROR(VLOOKUP(A10, Feiertage!$B:$C, 2, 0), IF(OR(WEEKDAY(A10,2)=6, WEEKDAY(A10,2)=7), Feiertage!$C$23, "")) -> * * * * * * * * Wochenende * * * * * * * * * * * * * * * * * * * * * * * * * * * * * * * * * * * * * * * * * * * * * * * * | R10: =IF(OR(WEEKDAY(A10,2)=6,WEEKDAY(A10,2)=7),0,IFERROR(IF(VLOOKUP(A10,Feiertage!$B:$D,3,0)="ja",0,Summen!$B$9),Summen!$B$9)) -> 0 | S10: =SUM(C10:Q10) -> 0 | T10: =S10-R10 -> 0 | U10: =U9+T10 -> 0 | X10: =V10+W10*Summen!$B$44 -> 0 | AG10: =(Z10-Y10)+(AB10-AA10)+(AD10-AC10)+(AF10-AE10) -> 0 | AH10: =HOUR(AG10) -> 0 | AI10: =MINUTE(AG10)/60 -> 0 | AJ10: =AH10+AI10 -> 0 | AL10: =SUM(C10:Q10)-AJ10 -> 0
A11: =A10+1 -> 46089 | B11: =IFERROR(VLOOKUP(A11, Feiertage!$B:$C, 2, 0), IF(OR(WEEKDAY(A11,2)=6, WEEKDAY(A11,2)=7), Feiertage!$C$23, "")) -> * * * * * * * * Wochenende * * * * * * * * * * * * * * * * * * * * * * * * * * * * * * * * * * * * * * * * * * * * * * * * | R11: =IF(OR(WEEKDAY(A11,2)=6,WEEKDAY(A11,2)=7),0,IFERROR(IF(VLOOKUP(A11,Feiertage!$B:$D,3,0)="ja",0,Summen!$B$9),Summen!$B$9)) -> 0 | S11: =SUM(C11:Q11) -> 0 | T11: =S11-R11 -> 0 | U11: =U10+T11 -> 0 | X11: =V11+W11*Summen!$B$44 -> 0 | AG11: =(Z11-Y11)+(AB11-AA11)+(AD11-AC11)+(AF11-AE11) -> 0 | AH11: =HOUR(AG11) -> 0 | AI11: =MINUTE(AG11)/60 -> 0 | AJ11: =AH11+AI11 -> 0 | AL11: =SUM(C11:Q11)-AJ11 -> 0
A12: =A11+1 -> 46090 | B12: =IFERROR(VLOOKUP(A12, Feiertage!$B:$C, 2, 0), IF(OR(WEEKDAY(A12,2)=6, WEEKDAY(A12,2)=7), Feiertage!$C$23, "")) | R12: 0 | S12: =SUM(C12:Q12) -> 0 | T12: =S12-R12 -> 0 | U12: =U11+T12 -> 0 | X12: =V12+W12*Summen!$B$44 -> 0 | AG12: =(Z12-Y12)+(AB12-AA12)+(AD12-AC12)+(AF12-AE12) -> 0 | AH12: =HOUR(AG12) -> 0 | AI12: =MINUTE(AG12)/60 -> 0 | AJ12: =AH12+AI12 -> 0 | AL12: =SUM(C12:Q12)-AJ12 -> 0
A13: =A12+1 -> 46091 | B13: =IFERROR(VLOOKUP(A13, Feiertage!$B:$C, 2, 0), IF(OR(WEEKDAY(A13,2)=6, WEEKDAY(A13,2)=7), Feiertage!$C$23, "")) | R13: 0 | S13: =SUM(C13:Q13) -> 0 | T13: =S13-R13 -> 0 | U13: =U12+T13 -> 0 | X13: =V13+W13*Summen!$B$44 -> 0 | AG13: =(Z13-Y13)+(AB13-AA13)+(AD13-AC13)+(AF13-AE13) -> 0 | AH13: =HOUR(AG13) -> 0 | AI13: =MINUTE(AG13)/60 -> 0 | AJ13: =AH13+AI13 -> 0 | AL13: =SUM(C13:Q13)-AJ13 -> 0
A14: =A13+1 -> 46092 | B14: =IFERROR(VLOOKUP(A14, Feiertage!$B:$C, 2, 0), IF(OR(WEEKDAY(A14,2)=6, WEEKDAY(A14,2)=7), Feiertage!$C$23, "")) | R14: 0 | S14: =SUM(C14:Q14) -> 0 | T14: =S14-R14 -> 0 | U14: =U13+T14 -> 0 | X14: =V14+W14*Summen!$B$44 -> 0 | AG14: =(Z14-Y14)+(AB14-AA14)+(AD14-AC14)+(AF14-AE14) -> 0 | AH14: =HOUR(AG14) -> 0 | AI14: =MINUTE(AG14)/60 -> 0 | AJ14: =AH14+AI14 -> 0 | AL14: =SUM(C14:Q14)-AJ14 -> 0
A15: =A14+1 -> 46093 | B15: =IFERROR(VLOOKUP(A15, Feiertage!$B:$C, 2, 0), IF(OR(WEEKDAY(A15,2)=6, WEEKDAY(A15,2)=7), Feiertage!$C$23, "")) | R15: 0 | S15: =SUM(C15:Q15) -> 0 | T15: =S15-R15 -> 0 | U15: =U14+T15 -> 0 | X15: =V15+W15*Summen!$B$44 -> 0 | AG15: =(Z15-Y15)+(AB15-AA15)+(AD15-AC15)+(AF15-AE15) -> 0 | AH15: =HOUR(AG15) -> 0 | AI15: =MINUTE(AG15)/60 -> 0 | AJ15: =AH15+AI15 -> 0 | AL15: =SUM(C15:Q15)-AJ15 -> 0
A16: =A15+1 -> 46094 | B16: =IFERROR(VLOOKUP(A16, Feiertage!$B:$C, 2, 0), IF(OR(WEEKDAY(A16,2)=6, WEEKDAY(A16,2)=7), Feiertage!$C$23, "")) | R16: 0 | S16: =SUM(C16:Q16) -> 0 | T16: =S16-R16 -> 0 | U16: =U15+T16 -> 0 | X16: =V16+W16*Summen!$B$44 -> 0 | AG16: =(Z16-Y16)+(AB16-AA16)+(AD16-AC16)+(AF16-AE16) -> 0 | AH16: =HOUR(AG16) -> 0 | AI16: =MINUTE(AG16)/60 -> 0 | AJ16: =AH16+AI16 -> 0 | AL16: =SUM(C16:Q16)-AJ16 -> 0
A17: =A16+1 -> 46095 | B17: =IFERROR(VLOOKUP(A17, Feiertage!$B:$C, 2, 0), IF(OR(WEEKDAY(A17,2)=6, WEEKDAY(A17,2)=7), Feiertage!$C$23, "")) -> * * * * * * * * Wochenende * * * * * * * * * * * * * * * * * * * * * * * * * * * * * * * * * * * * * * * * * * * * * * * * | R17: =IF(OR(WEEKDAY(A17,2)=6,WEEKDAY(A17,2)=7),0,IFERROR(IF(VLOOKUP(A17,Feiertage!$B:$D,3,0)="ja",0,Summen!$B$9),Summen!$B$9)) -> 0 | S17: =SUM(C17:Q17) -> 0 | T17: =S17-R17 -> 0 | U17: =U16+T17 -> 0 | X17: =V17+W17*Summen!$B$44 -> 0 | AG17: =(Z17-Y17)+(AB17-AA17)+(AD17-AC17)+(AF17-AE17) -> 0 | AH17: =HOUR(AG17) -> 0 | AI17: =MINUTE(AG17)/60 -> 0 | AJ17: =AH17+AI17 -> 0 | AL17: =SUM(C17:Q17)-AJ17 -> 0
A18: =A17+1 -> 46096 | B18: =IFERROR(VLOOKUP(A18, Feiertage!$B:$C, 2, 0), IF(OR(WEEKDAY(A18,2)=6, WEEKDAY(A18,2)=7), Feiertage!$C$23, "")) -> * * * * * * * * Wochenende * * * * * * * * * * * * * * * * * * * * * * * * * * * * * * * * * * * * * * * * * * * * * * * * | R18: =IF(OR(WEEKDAY(A18,2)=6,WEEKDAY(A18,2)=7),0,IFERROR(IF(VLOOKUP(A18,Feiertage!$B:$D,3,0)="ja",0,Summen!$B$9),Summen!$B$9)) -> 0 | S18: =SUM(C18:Q18) -> 0 | T18: =S18-R18 -> 0 | U18: =U17+T18 -> 0 | X18: =V18+W18*Summen!$B$44 -> 0 | AG18: =(Z18-Y18)+(AB18-AA18)+(AD18-AC18)+(AF18-AE18) -> 0 | AH18: =HOUR(AG18) -> 0 | AI18: =MINUTE(AG18)/60 -> 0 | AJ18: =AH18+AI18 -> 0 | AL18: =SUM(C18:Q18)-AJ18 -> 0
A19: =A18+1 -> 46097 | B19: =IFERROR(VLOOKUP(A19, Feiertage!$B:$C, 2, 0), IF(OR(WEEKDAY(A19,2)=6, WEEKDAY(A19,2)=7), Feiertage!$C$23, "")) | R19: 0 | S19: =SUM(C19:Q19) -> 0 | T19: =S19-R19 -> 0 | U19: =U18+T19 -> 0 | X19: =V19+W19*Summen!$B$44 -> 0 | AG19: =(Z19-Y19)+(AB19-AA19)+(AD19-AC19)+(AF19-AE19) -> 0 | AH19: =HOUR(AG19) -> 0 | AI19: =MINUTE(AG19)/60 -> 0 | AJ19: =AH19+AI19 -> 0 | AL19: =SUM(C19:Q19)-AJ19 -> 0
A20: =A19+1 -> 46098 | B20: =IFERROR(VLOOKUP(A20, Feiertage!$B:$C, 2, 0), IF(OR(WEEKDAY(A20,2)=6, WEEKDAY(A20,2)=7), Feiertage!$C$23, "")) | R20: 0 | S20: =SUM(C20:Q20) -> 0 | T20: =S20-R20 -> 0 | U20: =U19+T20 -> 0 | X20: =V20+W20*Summen!$B$44 -> 0 | AG20: =(Z20-Y20)+(AB20-AA20)+(AD20-AC20)+(AF20-AE20) -> 0 | AH20: =HOUR(AG20) -> 0 | AI20: =MINUTE(AG20)/60 -> 0 | AJ20: =AH20+AI20 -> 0 | AL20: =SUM(C20:Q20)-AJ20 -> 0
A21: =A20+1 -> 46099 | B21: =IFERROR(VLOOKUP(A21, Feiertage!$B:$C, 2, 0), IF(OR(WEEKDAY(A21,2)=6, WEEKDAY(A21,2)=7), Feiertage!$C$23, "")) | R21: 0 | S21: =SUM(C21:Q21) -> 0 | T21: =S21-R21 -> 0 | U21: =U20+T21 -> 0 | X21: =V21+W21*Summen!$B$44 -> 0 | AG21: =(Z21-Y21)+(AB21-AA21)+(AD21-AC21)+(AF21-AE21) -> 0 | AH21: =HOUR(AG21) -> 0 | AI21: =MINUTE(AG21)/60 -> 0 | AJ21: =AH21+AI21 -> 0 | AL21: =SUM(C21:Q21)-AJ21 -> 0
A22: =A21+1 -> 46100 | B22: =IFERROR(VLOOKUP(A22, Feiertage!$B:$C, 2, 0), IF(OR(WEEKDAY(A22,2)=6, WEEKDAY(A22,2)=7), Feiertage!$C$23, "")) -> * * * * * * * * Josefstag * * * * * * * * * * * * * * * * * * * * * * * * * * * * * * * * * * * * * * * * * * * * * * * * * * | R22: =IF(OR(WEEKDAY(A22,2)=6,WEEKDAY(A22,2)=7),0,IFERROR(IF(VLOOKUP(A22,Feiertage!$B:$D,3,0)="ja",0,Summen!$B$9),Summen!$B$9)) -> 0 | S22: =SUM(C22:Q22) -> 0 | T22: =S22-R22 -> 0 | U22: =U21+T22 -> 0 | X22: =V22+W22*Summen!$B$44 -> 0 | AG22: =(Z22-Y22)+(AB22-AA22)+(AD22-AC22)+(AF22-AE22) -> 0 | AH22: =HOUR(AG22) -> 0 | AI22: =MINUTE(AG22)/60 -> 0 | AJ22: =AH22+AI22 -> 0 | AL22: =SUM(C22:Q22)-AJ22 -> 0
A23: =A22+1 -> 46101 | B23: =IFERROR(VLOOKUP(A23, Feiertage!$B:$C, 2, 0), IF(OR(WEEKDAY(A23,2)=6, WEEKDAY(A23,2)=7), Feiertage!$C$23, "")) | R23: 0 | S23: =SUM(C23:Q23) -> 0 | T23: =S23-R23 -> 0 | U23: =U22+T23 -> 0 | X23: =V23+W23*Summen!$B$44 -> 0 | AG23: =(Z23-Y23)+(AB23-AA23)+(AD23-AC23)+(AF23-AE23) -> 0 | AH23: =HOUR(AG23) -> 0 | AI23: =MINUTE(AG23)/60 -> 0 | AJ23: =AH23+AI23 -> 0 | AL23: =SUM(C23:Q23)-AJ23 -> 0
A24: =A23+1 -> 46102 | B24: =IFERROR(VLOOKUP(A24, Feiertage!$B:$C, 2, 0), IF(OR(WEEKDAY(A24,2)=6, WEEKDAY(A24,2)=7), Feiertage!$C$23, "")) -> * * * * * * * * Wochenende * * * * * * * * * * * * * * * * * * * * * * * * * * * * * * * * * * * * * * * * * * * * * * * * | R24: =IF(OR(WEEKDAY(A24,2)=6,WEEKDAY(A24,2)=7),0,IFERROR(IF(VLOOKUP(A24,Feiertage!$B:$D,3,0)="ja",0,Summen!$B$9),Summen!$B$9)) -> 0 | S24: =SUM(C24:Q24) -> 0 | T24: =S24-R24 -> 0 | U24: =U23+T24 -> 0 | X24: =V24+W24*Summen!$B$44 -> 0 | AG24: =(Z24-Y24)+(AB24-AA24)+(AD24-AC24)+(AF24-AE24) -> 0 | AH24: =HOUR(AG24) -> 0 | AI24: =MINUTE(AG24)/60 -> 0 | AJ24: =AH24+AI24 -> 0 | AL24: =SUM(C24:Q24)-AJ24 -> 0
A25: =A24+1 -> 46103 | B25: =IFERROR(VLOOKUP(A25, Feiertage!$B:$C, 2, 0), IF(OR(WEEKDAY(A25,2)=6, WEEKDAY(A25,2)=7), Feiertage!$C$23, "")) -> * * * * * * * * Wochenende * * * * * * * * * * * * * * * * * * * * * * * * * * * * * * * * * * * * * * * * * * * * * * * * | R25: =IF(OR(WEEKDAY(A25,2)=6,WEEKDAY(A25,2)=7),0,IFERROR(IF(VLOOKUP(A25,Feiertage!$B:$D,3,0)="ja",0,Summen!$B$9),Summen!$B$9)) -> 0 | S25: =SUM(C25:Q25) -> 0 | T25: =S25-R25 -> 0 | U25: =U24+T25 -> 0 | X25: =V25+W25*Summen!$B$44 -> 0 | AG25: =(Z25-Y25)+(AB25-AA25)+(AD25-AC25)+(AF25-AE25) -> 0 | AH25: =HOUR(AG25) -> 0 | AI25: =MINUTE(AG25)/60 -> 0 | AJ25: =AH25+AI25 -> 0 | AL25: =SUM(C25:Q25)-AJ25 -> 0
A26: =A25+1 -> 46104 | B26: =IFERROR(VLOOKUP(A26, Feiertage!$B:$C, 2, 0), IF(OR(WEEKDAY(A26,2)=6, WEEKDAY(A26,2)=7), Feiertage!$C$23, "")) | R26: 0 | S26: =SUM(C26:Q26) -> 0 | T26: =S26-R26 -> 0 | U26: =U25+T26 -> 0 | X26: =V26+W26*Summen!$B$44 -> 0 | AG26: =(Z26-Y26)+(AB26-AA26)+(AD26-AC26)+(AF26-AE26) -> 0 | AH26: =HOUR(AG26) -> 0 | AI26: =MINUTE(AG26)/60 -> 0 | AJ26: =AH26+AI26 -> 0 | AL26: =SUM(C26:Q26)-AJ26 -> 0
A27: =A26+1 -> 46105 | B27: =IFERROR(VLOOKUP(A27, Feiertage!$B:$C, 2, 0), IF(OR(WEEKDAY(A27,2)=6, WEEKDAY(A27,2)=7), Feiertage!$C$23, "")) | R27: 0 | S27: =SUM(C27:Q27) -> 0 | T27: =S27-R27 -> 0 | U27: =U26+T27 -> 0 | X27: =V27+W27*Summen!$B$44 -> 0 | AG27: =(Z27-Y27)+(AB27-AA27)+(AD27-AC27)+(AF27-AE27) -> 0 | AH27: =HOUR(AG27) -> 0 | AI27: =MINUTE(AG27)/60 -> 0 | AJ27: =AH27+AI27 -> 0 | AL27: =SUM(C27:Q27)-AJ27 -> 0
A28: =A27+1 -> 46106 | B28: =IFERROR(VLOOKUP(A28, Feiertage!$B:$C, 2, 0), IF(OR(WEEKDAY(A28,2)=6, WEEKDAY(A28,2)=7), Feiertage!$C$23, "")) | R28: 0 | S28: =SUM(C28:Q28) -> 0 | T28: =S28-R28 -> 0 | U28: =U27+T28 -> 0 | X28: =V28+W28*Summen!$B$44 -> 0 | AG28: =(Z28-Y28)+(AB28-AA28)+(AD28-AC28)+(AF28-AE28) -> 0 | AH28: =HOUR(AG28) -> 0 | AI28: =MINUTE(AG28)/60 -> 0 | AJ28: =AH28+AI28 -> 0 | AL28: =SUM(C28:Q28)-AJ28 -> 0
A29: =A28+1 -> 46107 | B29: =IFERROR(VLOOKUP(A29, Feiertage!$B:$C, 2, 0), IF(OR(WEEKDAY(A29,2)=6, WEEKDAY(A29,2)=7), Feiertage!$C$23, "")) | R29: 0 | S29: =SUM(C29:Q29) -> 0 | T29: =S29-R29 -> 0 | U29: =U28+T29 -> 0 | X29: =V29+W29*Summen!$B$44 -> 0 | AG29: =(Z29-Y29)+(AB29-AA29)+(AD29-AC29)+(AF29-AE29) -> 0 | AH29: =HOUR(AG29) -> 0 | AI29: =MINUTE(AG29)/60 -> 0 | AJ29: =AH29+AI29 -> 0 | AL29: =SUM(C29:Q29)-AJ29 -> 0
A30: =A29+1 -> 46108 | B30: =IFERROR(VLOOKUP(A30, Feiertage!$B:$C, 2, 0), IF(OR(WEEKDAY(A30,2)=6, WEEKDAY(A30,2)=7), Feiertage!$C$23, "")) | R30: 0 | S30: =SUM(C30:Q30) -> 0 | T30: =S30-R30 -> 0 | U30: =U29+T30 -> 0 | X30: =V30+W30*Summen!$B$44 -> 0 | AG30: =(Z30-Y30)+(AB30-AA30)+(AD30-AC30)+(AF30-AE30) -> 0 | AH30: =HOUR(AG30) -> 0 | AI30: =MINUTE(AG30)/60 -> 0 | AJ30: =AH30+AI30 -> 0 | AL30: =SUM(C30:Q30)-AJ30 -> 0
A31: =A30+1 -> 46109 | B31: =IFERROR(VLOOKUP(A31, Feiertage!$B:$C, 2, 0), IF(OR(WEEKDAY(A31,2)=6, WEEKDAY(A31,2)=7), Feiertage!$C$23, "")) -> * * * * * * * * Wochenende * * * * * * * * * * * * * * * * * * * * * * * * * * * * * * * * * * * * * * * * * * * * * * * * | R31: =IF(OR(WEEKDAY(A31,2)=6,WEEKDAY(A31,2)=7),0,IFERROR(IF(VLOOKUP(A31,Feiertage!$B:$D,3,0)="ja",0,Summen!$B$9),Summen!$B$9)) -> 0 | S31: =SUM(C31:Q31) -> 0 | T31: =S31-R31 -> 0 | U31: =U30+T31 -> 0 | X31: =V31+W31*Summen!$B$44 -> 0 | AG31: =(Z31-Y31)+(AB31-AA31)+(AD31-AC31)+(AF31-AE31) -> 0 | AH31: =HOUR(AG31) -> 0 | AI31: =MINUTE(AG31)/60 -> 0 | AJ31: =AH31+AI31 -> 0 | AL31: =SUM(C31:Q31)-AJ31 -> 0
A32: =A31+1 -> 46110 | B32: =IFERROR(VLOOKUP(A32, Feiertage!$B:$C, 2, 0), IF(OR(WEEKDAY(A32,2)=6, WEEKDAY(A32,2)=7), Feiertage!$C$23, "")) -> * * * * * * * * Wochenende * * * * * * * * * * * * * * * * * * * * * * * * * * * * * * * * * * * * * * * * * * * * * * * * | R32: =IF(OR(WEEKDAY(A32,2)=6,WEEKDAY(A32,2)=7),0,IFERROR(IF(VLOOKUP(A32,Feiertage!$B:$D,3,0)="ja",0,Summen!$B$9),Summen!$B$9)) -> 0 | S32: =SUM(C32:Q32) -> 0 | T32: =S32-R32 -> 0 | U32: =U31+T32 -> 0 | X32: =V32+W32*Summen!$B$44 -> 0 | AG32: =(Z32-Y32)+(AB32-AA32)+(AD32-AC32)+(AF32-AE32) -> 0 | AH32: =HOUR(AG32) -> 0 | AI32: =MINUTE(AG32)/60 -> 0 | AJ32: =AH32+AI32 -> 0 | AL32: =SUM(C32:Q32)-AJ32 -> 0
A33: =A32+1 -> 46111 | B33: =IFERROR(VLOOKUP(A33, Feiertage!$B:$C, 2, 0), IF(OR(WEEKDAY(A33,2)=6, WEEKDAY(A33,2)=7), Feiertage!$C$23, "")) | R33: 0 | S33: =SUM(C33:Q33) -> 0 | T33: =S33-R33 -> 0 | U33: =U32+T33 -> 0 | X33: =V33+W33*Summen!$B$44 -> 0 | AG33: =(Z33-Y33)+(AB33-AA33)+(AD33-AC33)+(AF33-AE33) -> 0 | AH33: =HOUR(AG33) -> 0 | AI33: =MINUTE(AG33)/60 -> 0 | AJ33: =AH33+AI33 -> 0 | AL33: =SUM(C33:Q33)-AJ33 -> 0
A34: =A33+1 -> 46112 | B34: =IFERROR(VLOOKUP(A34, Feiertage!$B:$C, 2, 0), IF(OR(WEEKDAY(A34,2)=6, WEEKDAY(A34,2)=7), Feiertage!$C$23, "")) | R34: 0 | S34: =SUM(C34:Q34) -> 0 | T34: =S34-R34 -> 0 | U34: =U33+T34 -> 0 | X34: =V34+W34*Summen!$B$44 -> 0 | AG34: =(Z34-Y34)+(AB34-AA34)+(AD34-AC34)+(AF34-AE34) -> 0 | AH34: =HOUR(AG34) -> 0 | AI34: =MINUTE(AG34)/60 -> 0 | AJ34: =AH34+AI34 -> 0 | AL34: =SUM(C34:Q34)-AJ34 -> 0
A35: Total | C35: =SUM(C4:C34) -> 0 | D35: =SUM(D4:D34) -> 0 | E35: =SUM(E4:E34) -> 0 | F35: =SUM(F4:F34) -> 0 | G35: =SUM(G4:G34) -> 0 | H35: =SUM(H4:H34) -> 0 | I35: =SUM(I4:I34) -> 0 | J35: =SUM(J4:J34) -> 0 | ... T35: =SUM(T4:T34) -> 0 | U35: =U34 -> 0 | V35: =SUM(V4:V34) -> 0 | W35: =SUM(W4:W34)*Summen!$B$44 -> 0 | X35: =V35+W35 -> 0 | AJ35: =SUM(AJ4:AJ34) -> 0 | AL35: =SUM(C35:Q35)-AJ35 -> 0

Sheet Apr
A1: =Summen!B1 -> Alta Engineering AG | F1: Monatsblatt | H1: Name: | J1: =Summen!B3 -> Michael Küng | N1: Monat: | P1: =Mar!P1+31 -> 46113 | S1: Anstellung : | U1: =Summen!B5 -> 1 | W1: Blatt Nr. | X1: =Mar!X1+1 -> 4
C2: Ferien: | E2: =Summen!B18 -> 10.8 | F2: Bezogen: | H2: =Mar!H2+(Mar!Q35/Summen!B9) -> 0 | I2: Rest: | J2: =E2-H2 -> 10.8 | T2: Stundenübertrag Vormonat : | U2: =Mar!U35 -> 0 | V2: Spesen
A3: Projekte | L3: krank | M3: Reisezeit | N3: CAD | O3: Ausbildung | P3: Büro | Q3: Ferien | R3: Soll | S3: Ist | T3: +/- | U3: Stand | V3: Fr. | W3: Km | X3: Summe | Y3: Start [hh:mm] | Z3: Stop [hh:mm] | AA3: Start [hh:mm] | AB3: Stop [hh:mm] | AC3: Start [hh:mm] | AD3: Stop [hh:mm] | AE3: Start [hh:mm] | AF3: Stop [hh:mm] | AG3: Ist-Zeit [hh:mm] | AH3: Ist-Zeit [hh] | AI3: Ist-Zeit [.hh] | AJ3: Ist-Zeit [h.h] | AL3: Aufteilung - Istzeit
A4: =P1 -> 46113 | B4: =IFERROR(VLOOKUP(A4, Feiertage!$B:$C, 2, 0), IF(OR(WEEKDAY(A4,2)=6, WEEKDAY(A4,2)=7), Feiertage!$C$23, "")) | R4: 0 | S4: =SUM(C4:Q4) -> 0 | T4: =S4-R4 -> 0 | U4: =U2+T4 -> 0 | X4: =V4+W4*Summen!$B$44 -> 0 | AG4: =(Z4-Y4)+(AB4-AA4)+(AD4-AC4)+(AF4-AE4) -> 0 | AH4: =HOUR(AG4) -> 0 | AI4: =MINUTE(AG4)/60 -> 0 | AJ4: =AH4+AI4 -> 0 | AL4: =SUM(C4:Q4)-AJ4 -> 0
A5: =A4+1 -> 46114 | B5: =IFERROR(VLOOKUP(A5, Feiertage!$B:$C, 2, 0), IF(OR(WEEKDAY(A5,2)=6, WEEKDAY(A5,2)=7), Feiertage!$C$23, "")) | R5: 0 | S5: =SUM(C5:Q5) -> 0 | T5: =S5-R5 -> 0 | U5: =U4+T5 -> 0 | X5: =V5+W5*Summen!$B$44 -> 0 | AG5: =(Z5-Y5)+(AB5-AA5)+(AD5-AC5)+(AF5-AE5) -> 0 | AH5: =HOUR(AG5) -> 0 | AI5: =MINUTE(AG5)/60 -> 0 | AJ5: =AH5+AI5 -> 0 | AL5: =SUM(C5:Q5)-AJ5 -> 0
A6: =A5+1 -> 46115 | B6: =IFERROR(VLOOKUP(A6, Feiertage!$B:$C, 2, 0), IF(OR(WEEKDAY(A6,2)=6, WEEKDAY(A6,2)=7), Feiertage!$C$23, "")) -> * * * * * * * * Karfreitag * * * * * * * * * * * * * * * * * * * * * * * * * * * * * * * * * * * * * * * * * * * * * * * * * * | R6: =IF(OR(WEEKDAY(A6,2)=6,WEEKDAY(A6,2)=7),0,IFERROR(IF(VLOOKUP(A6,Feiertage!$B:$D,3,0)="ja",0,Summen!$B$9),Summen!$B$9)) -> 0 | S6: =SUM(C6:Q6) -> 0 | T6: =S6-R6 -> 0 | U6: =U5+T6 -> 0 | X6: =V6+W6*Summen!$B$44 -> 0 | AG6: =(Z6-Y6)+(AB6-AA6)+(AD6-AC6)+(AF6-AE6) -> 0 | AH6: =HOUR(AG6) -> 0 | AI6: =MINUTE(AG6)/60 -> 0 | AJ6: =AH6+AI6 -> 0 | AL6: =SUM(C6:Q6)-AJ6 -> 0
A7: =A6+1 -> 46116 | B7: =IFERROR(VLOOKUP(A7, Feiertage!$B:$C, 2, 0), IF(OR(WEEKDAY(A7,2)=6, WEEKDAY(A7,2)=7), Feiertage!$C$23, "")) -> * * * * * * * * Wochenende * * * * * * * * * * * * * * * * * * * * * * * * * * * * * * * * * * * * * * * * * * * * * * * * | R7: =IF(OR(WEEKDAY(A7,2)=6,WEEKDAY(A7,2)=7),0,IFERROR(IF(VLOOKUP(A7,Feiertage!$B:$D,3,0)="ja",0,Summen!$B$9),Summen!$B$9)) -> 0 | S7: =SUM(C7:Q7) -> 0 | T7: =S7-R7 -> 0 | U7: =U6+T7 -> 0 | X7: =V7+W7*Summen!$B$44 -> 0 | AG7: =(Z7-Y7)+(AB7-AA7)+(AD7-AC7)+(AF7-AE7) -> 0 | AH7: =HOUR(AG7) -> 0 | AI7: =MINUTE(AG7)/60 -> 0 | AJ7: =AH7+AI7 -> 0 | AL7: =SUM(C7:Q7)-AJ7 -> 0
A8: =A7+1 -> 46117 | B8: =IFERROR(VLOOKUP(A8, Feiertage!$B:$C, 2, 0), IF(OR(WEEKDAY(A8,2)=6, WEEKDAY(A8,2)=7), Feiertage!$C$23, "")) -> * * * * * * * * Wochenende * * * * * * * * * * * * * * * * * * * * * * * * * * * * * * * * * * * * * * * * * * * * * * * * | R8: =IF(OR(WEEKDAY(A8,2)=6,WEEKDAY(A8,2)=7),0,IFERROR(IF(VLOOKUP(A8,Feiertage!$B:$D,3,0)="ja",0,Summen!$B$9),Summen!$B$9)) -> 0 | S8: =SUM(C8:Q8) -> 0 | T8: =S8-R8 -> 0 | U8: =U7+T8 -> 0 | X8: =V8+W8*Summen!$B$44 -> 0 | AG8: =(Z8-Y8)+(AB8-AA8)+(AD8-AC8)+(AF8-AE8) -> 0 | AH8: =HOUR(AG8) -> 0 | AI8: =MINUTE(AG8)/60 -> 0 | AJ8: =AH8+AI8 -> 0 | AL8: =SUM(C8:Q8)-AJ8 -> 0
A9: =A8+1 -> 46118 | B9: =IFERROR(VLOOKUP(A9, Feiertage!$B:$C, 2, 0), IF(OR(WEEKDAY(A9,2)=6, WEEKDAY(A9,2)=7), Feiertage!$C$23, "")) -> * * * * * * * * Ostermontag * * * * * * * * * * * * * * * * * * * * * * * * * * * * * * * * * * * * * * * * * * * * * * * * | R9: 0 | S9: =SUM(C9:Q9) -> 0 | T9: =S9-R9 -> 0 | U9: =U8+T9 -> 0 | X9: =V9+W9*Summen!$B$44 -> 0 | AG9: =(Z9-Y9)+(AB9-AA9)+(AD9-AC9)+(AF9-AE9) -> 0 | AH9: =HOUR(AG9) -> 0 | AI9: =MINUTE(AG9)/60 -> 0 | AJ9: =AH9+AI9 -> 0 | AL9: =SUM(C9:Q9)-AJ9 -> 0
A10: =A9+1 -> 46119 | B10: =IFERROR(VLOOKUP(A10, Feiertage!$B:$C, 2, 0), IF(OR(WEEKDAY(A10,2)=6, WEEKDAY(A10,2)=7), Feiertage!$C$23, "")) | R10: 0 | S10: =SUM(C10:Q10) -> 0 | T10: =S10-R10 -> 0 | U10: =U9+T10 -> 0 | X10: =V10+W10*Summen!$B$44 -> 0 | AG10: =(Z10-Y10)+(AB10-AA10)+(AD10-AC10)+(AF10-AE10) -> 0 | AH10: =HOUR(AG10) -> 0 | AI10: =MINUTE(AG10)/60 -> 0 | AJ10: =AH10+AI10 -> 0 | AL10: =SUM(C10:Q10)-AJ10 -> 0
A11: =A10+1 -> 46120 | B11: =IFERROR(VLOOKUP(A11, Feiertage!$B:$C, 2, 0), IF(OR(WEEKDAY(A11,2)=6, WEEKDAY(A11,2)=7), Feiertage!$C$23, "")) | R11: 0 | S11: =SUM(C11:Q11) -> 0 | T11: =S11-R11 -> 0 | U11: =U10+T11 -> 0 | X11: =V11+W11*Summen!$B$44 -> 0 | AG11: =(Z11-Y11)+(AB11-AA11)+(AD11-AC11)+(AF11-AE11) -> 0 | AH11: =HOUR(AG11) -> 0 | AI11: =MINUTE(AG11)/60 -> 0 | AJ11: =AH11+AI11 -> 0 | AL11: =SUM(C11:Q11)-AJ11 -> 0
A12: =A11+1 -> 46121 | B12: =IFERROR(VLOOKUP(A12, Feiertage!$B:$C, 2, 0), IF(OR(WEEKDAY(A12,2)=6, WEEKDAY(A12,2)=7), Feiertage!$C$23, "")) | R12: 0 | S12: =SUM(C12:Q12) -> 0 | T12: =S12-R12 -> 0 | U12: =U11+T12 -> 0 | X12: =V12+W12*Summen!$B$44 -> 0 | AG12: =(Z12-Y12)+(AB12-AA12)+(AD12-AC12)+(AF12-AE12) -> 0 | AH12: =HOUR(AG12) -> 0 | AI12: =MINUTE(AG12)/60 -> 0 | AJ12: =AH12+AI12 -> 0 | AL12: =SUM(C12:Q12)-AJ12 -> 0
A13: =A12+1 -> 46122 | B13: =IFERROR(VLOOKUP(A13, Feiertage!$B:$C, 2, 0), IF(OR(WEEKDAY(A13,2)=6, WEEKDAY(A13,2)=7), Feiertage!$C$23, "")) | R13: 0 | S13: =SUM(C13:Q13) -> 0 | T13: =S13-R13 -> 0 | U13: =U12+T13 -> 0 | X13: =V13+W13*Summen!$B$44 -> 0 | AG13: =(Z13-Y13)+(AB13-AA13)+(AD13-AC13)+(AF13-AE13) -> 0 | AH13: =HOUR(AG13) -> 0 | AI13: =MINUTE(AG13)/60 -> 0 | AJ13: =AH13+AI13 -> 0 | AL13: =SUM(C13:Q13)-AJ13 -> 0
A14: =A13+1 -> 46123 | B14: =IFERROR(VLOOKUP(A14, Feiertage!$B:$C, 2, 0), IF(OR(WEEKDAY(A14,2)=6, WEEKDAY(A14,2)=7), Feiertage!$C$23, "")) -> * * * * * * * * Wochenende * * * * * * * * * * * * * * * * * * * * * * * * * * * * * * * * * * * * * * * * * * * * * * * * | R14: =IF(OR(WEEKDAY(A14,2)=6,WEEKDAY(A14,2)=7),0,IFERROR(IF(VLOOKUP(A14,Feiertage!$B:$D,3,0)="ja",0,Summen!$B$9),Summen!$B$9)) -> 0 | S14: =SUM(C14:Q14) -> 0 | T14: =S14-R14 -> 0 | U14: =U13+T14 -> 0 | X14: =V14+W14*Summen!$B$44 -> 0 | AG14: =(Z14-Y14)+(AB14-AA14)+(AD14-AC14)+(AF14-AE14) -> 0 | AH14: =HOUR(AG14) -> 0 | AI14: =MINUTE(AG14)/60 -> 0 | AJ14: =AH14+AI14 -> 0 | AL14: =SUM(C14:Q14)-AJ14 -> 0
A15: =A14+1 -> 46124 | B15: =IFERROR(VLOOKUP(A15, Feiertage!$B:$C, 2, 0), IF(OR(WEEKDAY(A15,2)=6, WEEKDAY(A15,2)=7), Feiertage!$C$23, "")) -> * * * * * * * * Wochenende * * * * * * * * * * * * * * * * * * * * * * * * * * * * * * * * * * * * * * * * * * * * * * * * | R15: =IF(OR(WEEKDAY(A15,2)=6,WEEKDAY(A15,2)=7),0,IFERROR(IF(VLOOKUP(A15,Feiertage!$B:$D,3,0)="ja",0,Summen!$B$9),Summen!$B$9)) -> 0 | S15: =SUM(C15:Q15) -> 0 | T15: =S15-R15 -> 0 | U15: =U14+T15 -> 0 | X15: =V15+W15*Summen!$B$44 -> 0 | AG15: =(Z15-Y15)+(AB15-AA15)+(AD15-AC15)+(AF15-AE15) -> 0 | AH15: =HOUR(AG15) -> 0 | AI15: =MINUTE(AG15)/60 -> 0 | AJ15: =AH15+AI15 -> 0 | AL15: =SUM(C15:Q15)-AJ15 -> 0
A16: =A15+1 -> 46125 | B16: =IFERROR(VLOOKUP(A16, Feiertage!$B:$C, 2, 0), IF(OR(WEEKDAY(A16,2)=6, WEEKDAY(A16,2)=7), Feiertage!$C$23, "")) | R16: 0 | S16: =SUM(C16:Q16) -> 0 | T16: =S16-R16 -> 0 | U16: =U15+T16 -> 0 | X16: =V16+W16*Summen!$B$44 -> 0 | AG16: =(Z16-Y16)+(AB16-AA16)+(AD16-AC16)+(AF16-AE16) -> 0 | AH16: =HOUR(AG16) -> 0 | AI16: =MINUTE(AG16)/60 -> 0 | AJ16: =AH16+AI16 -> 0 | AL16: =SUM(C16:Q16)-AJ16 -> 0
A17: =A16+1 -> 46126 | B17: =IFERROR(VLOOKUP(A17, Feiertage!$B:$C, 2, 0), IF(OR(WEEKDAY(A17,2)=6, WEEKDAY(A17,2)=7), Feiertage!$C$23, "")) | R17: 0 | S17: =SUM(C17:Q17) -> 0 | T17: =S17-R17 -> 0 | U17: =U16+T17 -> 0 | X17: =V17+W17*Summen!$B$44 -> 0 | AG17: =(Z17-Y17)+(AB17-AA17)+(AD17-AC17)+(AF17-AE17) -> 0 | AH17: =HOUR(AG17) -> 0 | AI17: =MINUTE(AG17)/60 -> 0 | AJ17: =AH17+AI17 -> 0 | AL17: =SUM(C17:Q17)-AJ17 -> 0
A18: =A17+1 -> 46127 | B18: =IFERROR(VLOOKUP(A18, Feiertage!$B:$C, 2, 0), IF(OR(WEEKDAY(A18,2)=6, WEEKDAY(A18,2)=7), Feiertage!$C$23, "")) | R18: 0 | S18: =SUM(C18:Q18) -> 0 | T18: =S18-R18 -> 0 | U18: =U17+T18 -> 0 | X18: =V18+W18*Summen!$B$44 -> 0 | AG18: =(Z18-Y18)+(AB18-AA18)+(AD18-AC18)+(AF18-AE18) -> 0 | AH18: =HOUR(AG18) -> 0 | AI18: =MINUTE(AG18)/60 -> 0 | AJ18: =AH18+AI18 -> 0 | AL18: =SUM(C18:Q18)-AJ18 -> 0
A19: =A18+1 -> 46128 | B19: =IFERROR(VLOOKUP(A19, Feiertage!$B:$C, 2, 0), IF(OR(WEEKDAY(A19,2)=6, WEEKDAY(A19,2)=7), Feiertage!$C$23, "")) | R19: 0 | S19: =SUM(C19:Q19) -> 0 | T19: =S19-R19 -> 0 | U19: =U18+T19 -> 0 | X19: =V19+W19*Summen!$B$44 -> 0 | AG19: =(Z19-Y19)+(AB19-AA19)+(AD19-AC19)+(AF19-AE19) -> 0 | AH19: =HOUR(AG19) -> 0 | AI19: =MINUTE(AG19)/60 -> 0 | AJ19: =AH19+AI19 -> 0 | AL19: =SUM(C19:Q19)-AJ19 -> 0
A20: =A19+1 -> 46129 | B20: =IFERROR(VLOOKUP(A20, Feiertage!$B:$C, 2, 0), IF(OR(WEEKDAY(A20,2)=6, WEEKDAY(A20,2)=7), Feiertage!$C$23, "")) | R20: 0 | S20: =SUM(C20:Q20) -> 0 | T20: =S20-R20 -> 0 | U20: =U19+T20 -> 0 | X20: =V20+W20*Summen!$B$44 -> 0 | AG20: =(Z20-Y20)+(AB20-AA20)+(AD20-AC20)+(AF20-AE20) -> 0 | AH20: =HOUR(AG20) -> 0 | AI20: =MINUTE(AG20)/60 -> 0 | AJ20: =AH20+AI20 -> 0 | AL20: =SUM(C20:Q20)-AJ20 -> 0
A21: =A20+1 -> 46130 | B21: =IFERROR(VLOOKUP(A21, Feiertage!$B:$C, 2, 0), IF(OR(WEEKDAY(A21,2)=6, WEEKDAY(A21,2)=7), Feiertage!$C$23, "")) -> * * * * * * * * Wochenende * * * * * * * * * * * * * * * * * * * * * * * * * * * * * * * * * * * * * * * * * * * * * * * * | R21: =IF(OR(WEEKDAY(A21,2)=6,WEEKDAY(A21,2)=7),0,IFERROR(IF(VLOOKUP(A21,Feiertage!$B:$D,3,0)="ja",0,Summen!$B$9),Summen!$B$9)) -> 0 | S21: =SUM(C21:Q21) -> 0 | T21: =S21-R21 -> 0 | U21: =U20+T21 -> 0 | X21: =V21+W21*Summen!$B$44 -> 0 | AG21: =(Z21-Y21)+(AB21-AA21)+(AD21-AC21)+(AF21-AE21) -> 0 | AH21: =HOUR(AG21) -> 0 | AI21: =MINUTE(AG21)/60 -> 0 | AJ21: =AH21+AI21 -> 0 | AL21: =SUM(C21:Q21)-AJ21 -> 0
A22: =A21+1 -> 46131 | B22: =IFERROR(VLOOKUP(A22, Feiertage!$B:$C, 2, 0), IF(OR(WEEKDAY(A22,2)=6, WEEKDAY(A22,2)=7), Feiertage!$C$23, "")) -> * * * * * * * * Wochenende * * * * * * * * * * * * * * * * * * * * * * * * * * * * * * * * * * * * * * * * * * * * * * * * | R22: =IF(OR(WEEKDAY(A22,2)=6,WEEKDAY(A22,2)=7),0,IFERROR(IF(VLOOKUP(A22,Feiertage!$B:$D,3,0)="ja",0,Summen!$B$9),Summen!$B$9)) -> 0 | S22: =SUM(C22:Q22) -> 0 | T22: =S22-R22 -> 0 | U22: =U21+T22 -> 0 | X22: =V22+W22*Summen!$B$44 -> 0 | AG22: =(Z22-Y22)+(AB22-AA22)+(AD22-AC22)+(AF22-AE22) -> 0 | AH22: =HOUR(AG22) -> 0 | AI22: =MINUTE(AG22)/60 -> 0 | AJ22: =AH22+AI22 -> 0 | AL22: =SUM(C22:Q22)-AJ22 -> 0
A23: =A22+1 -> 46132 | B23: =IFERROR(VLOOKUP(A23, Feiertage!$B:$C, 2, 0), IF(OR(WEEKDAY(A23,2)=6, WEEKDAY(A23,2)=7), Feiertage!$C$23, "")) | R23: 0 | S23: =SUM(C23:Q23) -> 0 | T23: =S23-R23 -> 0 | U23: =U22+T23 -> 0 | X23: =V23+W23*Summen!$B$44 -> 0 | AG23: =(Z23-Y23)+(AB23-AA23)+(AD23-AC23)+(AF23-AE23) -> 0 | AH23: =HOUR(AG23) -> 0 | AI23: =MINUTE(AG23)/60 -> 0 | AJ23: =AH23+AI23 -> 0 | AL23: =SUM(C23:Q23)-AJ23 -> 0
A24: =A23+1 -> 46133 | B24: =IFERROR(VLOOKUP(A24, Feiertage!$B:$C, 2, 0), IF(OR(WEEKDAY(A24,2)=6, WEEKDAY(A24,2)=7), Feiertage!$C$23, "")) | R24: 0 | S24: =SUM(C24:Q24) -> 0 | T24: =S24-R24 -> 0 | U24: =U23+T24 -> 0 | X24: =V24+W24*Summen!$B$44 -> 0 | AG24: =(Z24-Y24)+(AB24-AA24)+(AD24-AC24)+(AF24-AE24) -> 0 | AH24: =HOUR(AG24) -> 0 | AI24: =MINUTE(AG24)/60 -> 0 | AJ24: =AH24+AI24 -> 0 | AL24: =SUM(C24:Q24)-AJ24 -> 0
A25: =A24+1 -> 46134 | B25: =IFERROR(VLOOKUP(A25, Feiertage!$B:$C, 2, 0), IF(OR(WEEKDAY(A25,2)=6, WEEKDAY(A25,2)=7), Feiertage!$C$23, "")) | R25: 0 | S25: =SUM(C25:Q25) -> 0 | T25: =S25-R25 -> 0 | U25: =U24+T25 -> 0 | X25: =V25+W25*Summen!$B$44 -> 0 | AG25: =(Z25-Y25)+(AB25-AA25)+(AD25-AC25)+(AF25-AE25) -> 0 | AH25: =HOUR(AG25) -> 0 | AI25: =MINUTE(AG25)/60 -> 0 | AJ25: =AH25+AI25 -> 0 | AL25: =SUM(C25:Q25)-AJ25 -> 0
A26: =A25+1 -> 46135 | B26: =IFERROR(VLOOKUP(A26, Feiertage!$B:$C, 2, 0), IF(OR(WEEKDAY(A26,2)=6, WEEKDAY(A26,2)=7), Feiertage!$C$23, "")) | R26: 0 | S26: =SUM(C26:Q26) -> 0 | T26: =S26-R26 -> 0 | U26: =U25+T26 -> 0 | X26: =V26+W26*Summen!$B$44 -> 0 | AG26: =(Z26-Y26)+(AB26-AA26)+(AD26-AC26)+(AF26-AE26) -> 0 | AH26: =HOUR(AG26) -> 0 | AI26: =MINUTE(AG26)/60 -> 0 | AJ26: =AH26+AI26 -> 0 | AL26: =SUM(C26:Q26)-AJ26 -> 0
A27: =A26+1 -> 46136 | B27: =IFERROR(VLOOKUP(A27, Feiertage!$B:$C, 2, 0), IF(OR(WEEKDAY(A27,2)=6, WEEKDAY(A27,2)=7), Feiertage!$C$23, "")) | R27: 0 | S27: =SUM(C27:Q27) -> 0 | T27: =S27-R27 -> 0 | U27: =U26+T27 -> 0 | X27: =V27+W27*Summen!$B$44 -> 0 | AG27: =(Z27-Y27)+(AB27-AA27)+(AD27-AC27)+(AF27-AE27) -> 0 | AH27: =HOUR(AG27) -> 0 | AI27: =MINUTE(AG27)/60 -> 0 | AJ27: =AH27+AI27 -> 0 | AL27: =SUM(C27:Q27)-AJ27 -> 0
A28: =A27+1 -> 46137 | B28: =IFERROR(VLOOKUP(A28, Feiertage!$B:$C, 2, 0), IF(OR(WEEKDAY(A28,2)=6, WEEKDAY(A28,2)=7), Feiertage!$C$23, "")) -> * * * * * * * * Wochenende * * * * * * * * * * * * * * * * * * * * * * * * * * * * * * * * * * * * * * * * * * * * * * * * | R28: =IF(OR(WEEKDAY(A28,2)=6,WEEKDAY(A28,2)=7),0,IFERROR(IF(VLOOKUP(A28,Feiertage!$B:$D,3,0)="ja",0,Summen!$B$9),Summen!$B$9)) -> 0 | S28: =SUM(C28:Q28) -> 0 | T28: =S28-R28 -> 0 | U28: =U27+T28 -> 0 | X28: =V28+W28*Summen!$B$44 -> 0 | AG28: =(Z28-Y28)+(AB28-AA28)+(AD28-AC28)+(AF28-AE28) -> 0 | AH28: =HOUR(AG28) -> 0 | AI28: =MINUTE(AG28)/60 -> 0 | AJ28: =AH28+AI28 -> 0 | AL28: =SUM(C28:Q28)-AJ28 -> 0
A29: =A28+1 -> 46138 | B29: =IFERROR(VLOOKUP(A29, Feiertage!$B:$C, 2, 0), IF(OR(WEEKDAY(A29,2)=6, WEEKDAY(A29,2)=7), Feiertage!$C$23, "")) -> * * * * * * * * Wochenende * * * * * * * * * * * * * * * * * * * * * * * * * * * * * * * * * * * * * * * * * * * * * * * * | R29: =IF(OR(WEEKDAY(A29,2)=6,WEEKDAY(A29,2)=7),0,IFERROR(IF(VLOOKUP(A29,Feiertage!$B:$D,3,0)="ja",0,Summen!$B$9),Summen!$B$9)) -> 0 | S29: =SUM(C29:Q29) -> 0 | T29: =S29-R29 -> 0 | U29: =U28+T29 -> 0 | X29: =V29+W29*Summen!$B$44 -> 0 | AG29: =(Z29-Y29)+(AB29-AA29)+(AD29-AC29)+(AF29-AE29) -> 0 | AH29: =HOUR(AG29) -> 0 | AI29: =MINUTE(AG29)/60 -> 0 | AJ29: =AH29+AI29 -> 0 | AL29: =SUM(C29:Q29)-AJ29 -> 0
A30: =A29+1 -> 46139 | B30: =IFERROR(VLOOKUP(A30, Feiertage!$B:$C, 2, 0), IF(OR(WEEKDAY(A30,2)=6, WEEKDAY(A30,2)=7), Feiertage!$C$23, "")) | R30: 0 | S30: =SUM(C30:Q30) -> 0 | T30: =S30-R30 -> 0 | U30: =U29+T30 -> 0 | X30: =V30+W30*Summen!$B$44 -> 0 | AG30: =(Z30-Y30)+(AB30-AA30)+(AD30-AC30)+(AF30-AE30) -> 0 | AH30: =HOUR(AG30) -> 0 | AI30: =MINUTE(AG30)/60 -> 0 | AJ30: =AH30+AI30 -> 0 | AL30: =SUM(C30:Q30)-AJ30 -> 0
A31: =A30+1 -> 46140 | B31: =IFERROR(VLOOKUP(A31, Feiertage!$B:$C, 2, 0), IF(OR(WEEKDAY(A31,2)=6, WEEKDAY(A31,2)=7), Feiertage!$C$23, "")) | R31: 0 | S31: =SUM(C31:Q31) -> 0 | T31: =S31-R31 -> 0 | U31: =U30+T31 -> 0 | X31: =V31+W31*Summen!$B$44 -> 0 | AG31: =(Z31-Y31)+(AB31-AA31)+(AD31-AC31)+(AF31-AE31) -> 0 | AH31: =HOUR(AG31) -> 0 | AI31: =MINUTE(AG31)/60 -> 0 | AJ31: =AH31+AI31 -> 0 | AL31: =SUM(C31:Q31)-AJ31 -> 0
A32: =A31+1 -> 46141 | B32: =IFERROR(VLOOKUP(A32, Feiertage!$B:$C, 2, 0), IF(OR(WEEKDAY(A32,2)=6, WEEKDAY(A32,2)=7), Feiertage!$C$23, "")) | R32: 0 | S32: =SUM(C32:Q32) -> 0 | T32: =S32-R32 -> 0 | U32: =U31+T32 -> 0 | X32: =V32+W32*Summen!$B$44 -> 0 | AG32: =(Z32-Y32)+(AB32-AA32)+(AD32-AC32)+(AF32-AE32) -> 0 | AH32: =HOUR(AG32) -> 0 | AI32: =MINUTE(AG32)/60 -> 0 | AJ32: =AH32+AI32 -> 0 | AL32: =SUM(C32:Q32)-AJ32 -> 0
A33: =A32+1 -> 46142 | B33: =IFERROR(VLOOKUP(A33, Feiertage!$B:$C, 2, 0), IF(OR(WEEKDAY(A33,2)=6, WEEKDAY(A33,2)=7), Feiertage!$C$23, "")) | R33: 0 | S33: =SUM(C33:Q33) -> 0 | T33: =S33-R33 -> 0 | U33: =U32+T33 -> 0 | X33: =V33+W33*Summen!$B$44 -> 0 | AG33: =(Z33-Y33)+(AB33-AA33)+(AD33-AC33)+(AF33-AE33) -> 0 | AH33: =HOUR(AG33) -> 0 | AI33: =MINUTE(AG33)/60 -> 0 | AJ33: =AH33+AI33 -> 0 | AL33: =SUM(C33:Q33)-AJ33 -> 0
A34: Total | C34: =SUM(C4:C33) -> 0 | D34: =SUM(D4:D33) -> 0 | E34: =SUM(E4:E33) -> 0 | F34: =SUM(F4:F33) -> 0 | G34: =SUM(G4:G33) -> 0 | H34: =SUM(H4:H33) -> 0 | I34: =SUM(I4:I33) -> 0 | J34: =SUM(J4:J33) -> 0 | ... T34: =SUM(T4:T33) -> 0 | U34: =U33 -> 0 | V34: =SUM(V4:V33) -> 0 | W34: =SUM(W4:W33)*Summen!$B$44 -> 0 | X34: =V34+W34 -> 0 | AJ34: =SUM(AJ4:AJ33) -> 0 | AL34: =SUM(C34:Q34)-AJ34 -> 0

Sheet Mai
A1: =Summen!B1 -> Alta Engineering AG | F1: Monatsblatt | H1: Name: | J1: =Summen!B3 -> Michael Küng | N1: Monat: | P1: =Apr!P1+30 -> 46143 | S1: Anstellung : | U1: =Summen!B5 -> 1 | W1: Blatt Nr. | X1: =Apr!X1+1 -> 5
C2: Ferien: | E2: =Summen!B18 -> 10.8 | F2: Bezogen: | H2: =Apr!H2+(Apr!Q34/Summen!B9) -> 0 | I2: Rest: | J2: =E2-H2 -> 10.8 | T2: Stundenübertrag Vormonat : | U2: =Apr!U34 -> 0 | V2: Spesen
A3: Projekte | L3: krank | M3: Reisezeit | N3: CAD | O3: Ausbildung | P3: Büro | Q3: Ferien | R3: Soll | S3: Ist | T3: +/- | U3: Stand | V3: Fr. | W3: Km | X3: Summe | Y3: Start [hh:mm] | Z3: Stop [hh:mm] | AA3: Start [hh:mm] | AB3: Stop [hh:mm] | AC3: Start [hh:mm] | AD3: Stop [hh:mm] | AE3: Start [hh:mm] | AF3: Stop [hh:mm] | AG3: Ist-Zeit [hh:mm] | AH3: Ist-Zeit [hh] | AI3: Ist-Zeit [.hh] | AJ3: Ist-Zeit [h.h] | AL3: Aufteilung - Istzeit
A4: =P1 -> 46143 | B4: =IFERROR(VLOOKUP(A4, Feiertage!$B:$C, 2, 0), IF(OR(WEEKDAY(A4,2)=6, WEEKDAY(A4,2)=7), Feiertage!$C$23, "")) | R4: 0 | S4: =SUM(C4:Q4) -> 0 | T4: =S4-R4 -> 0 | U4: =U2+T4 -> 0 | X4: =V4+W4*Summen!$B$44 -> 0 | AG4: =(Z4-Y4)+(AB4-AA4)+(AD4-AC4)+(AF4-AE4) -> 0 | AH4: =HOUR(AG4) -> 0 | AI4: =MINUTE(AG4)/60 -> 0 | AJ4: =AH4+AI4 -> 0 | AL4: =SUM(C4:Q4)-AJ4 -> 0
A5: =A4+1 -> 46144 | B5: =IFERROR(VLOOKUP(A5, Feiertage!$B:$C, 2, 0), IF(OR(WEEKDAY(A5,2)=6, WEEKDAY(A5,2)=7), Feiertage!$C$23, "")) -> * * * * * * * * Wochenende * * * * * * * * * * * * * * * * * * * * * * * * * * * * * * * * * * * * * * * * * * * * * * * * | R5: =IF(OR(WEEKDAY(A5,2)=6,WEEKDAY(A5,2)=7),0,IFERROR(IF(VLOOKUP(A5,Feiertage!$B:$D,3,0)="ja",0,Summen!$B$9),Summen!$B$9)) -> 0 | S5: =SUM(C5:Q5) -> 0 | T5: =S5-R5 -> 0 | U5: =U4+T5 -> 0 | X5: =V5+W5*Summen!$B$44 -> 0 | AG5: =(Z5-Y5)+(AB5-AA5)+(AD5-AC5)+(AF5-AE5) -> 0 | AH5: =HOUR(AG5) -> 0 | AI5: =MINUTE(AG5)/60 -> 0 | AJ5: =AH5+AI5 -> 0 | AL5: =SUM(C5:Q5)-AJ5 -> 0
A6: =A5+1 -> 46145 | B6: =IFERROR(VLOOKUP(A6, Feiertage!$B:$C, 2, 0), IF(OR(WEEKDAY(A6,2)=6, WEEKDAY(A6,2)=7), Feiertage!$C$23, "")) -> * * * * * * * * Wochenende * * * * * * * * * * * * * * * * * * * * * * * * * * * * * * * * * * * * * * * * * * * * * * * * | R6: =IF(OR(WEEKDAY(A6,2)=6,WEEKDAY(A6,2)=7),0,IFERROR(IF(VLOOKUP(A6,Feiertage!$B:$D,3,0)="ja",0,Summen!$B$9),Summen!$B$9)) -> 0 | S6: =SUM(C6:Q6) -> 0 | T6: =S6-R6 -> 0 | U6: =U5+T6 -> 0 | X6: =V6+W6*Summen!$B$44 -> 0 | AG6: =(Z6-Y6)+(AB6-AA6)+(AD6-AC6)+(AF6-AE6) -> 0 | AH6: =HOUR(AG6) -> 0 | AI6: =MINUTE(AG6)/60 -> 0 | AJ6: =AH6+AI6 -> 0 | AL6: =SUM(C6:Q6)-AJ6 -> 0
A7: =A6+1 -> 46146 | B7: =IFERROR(VLOOKUP(A7, Feiertage!$B:$C, 2, 0), IF(OR(WEEKDAY(A7,2)=6, WEEKDAY(A7,2)=7), Feiertage!$C$23, "")) | R7: 0 | S7: =SUM(C7:Q7) -> 0 | T7: =S7-R7 -> 0 | U7: =U6+T7 -> 0 | X7: =V7+W7*Summen!$B$44 -> 0 | AG7: =(Z7-Y7)+(AB7-AA7)+(AD7-AC7)+(AF7-AE7) -> 0 | AH7: =HOUR(AG7) -> 0 | AI7: =MINUTE(AG7)/60 -> 0 | AJ7: =AH7+AI7 -> 0 | AL7: =SUM(C7:Q7)-AJ7 -> 0
A8: =A7+1 -> 46147 | B8: =IFERROR(VLOOKUP(A8, Feiertage!$B:$C, 2, 0), IF(OR(WEEKDAY(A8,2)=6, WEEKDAY(A8,2)=7), Feiertage!$C$23, "")) | R8: 0 | S8: =SUM(C8:Q8) -> 0 | T8: =S8-R8 -> 0 | U8: =U7+T8 -> 0 | X8: =V8+W8*Summen!$B$44 -> 0 | AG8: =(Z8-Y8)+(AB8-AA8)+(AD8-AC8)+(AF8-AE8) -> 0 | AH8: =HOUR(AG8) -> 0 | AI8: =MINUTE(AG8)/60 -> 0 | AJ8: =AH8+AI8 -> 0 | AL8: =SUM(C8:Q8)-AJ8 -> 0
A9: =A8+1 -> 46148 | B9: =IFERROR(VLOOKUP(A9, Feiertage!$B:$C, 2, 0), IF(OR(WEEKDAY(A9,2)=6, WEEKDAY(A9,2)=7), Feiertage!$C$23, "")) | R9: 0 | S9: =SUM(C9:Q9) -> 0 | T9: =S9-R9 -> 0 | U9: =U8+T9 -> 0 | X9: =V9+W9*Summen!$B$44 -> 0 | AG9: =(Z9-Y9)+(AB9-AA9)+(AD9-AC9)+(AF9-AE9) -> 0 | AH9: =HOUR(AG9) -> 0 | AI9: =MINUTE(AG9)/60 -> 0 | AJ9: =AH9+AI9 -> 0 | AL9: =SUM(C9:Q9)-AJ9 -> 0
A10: =A9+1 -> 46149 | B10: =IFERROR(VLOOKUP(A10, Feiertage!$B:$C, 2, 0), IF(OR(WEEKDAY(A10,2)=6, WEEKDAY(A10,2)=7), Feiertage!$C$23, "")) | R10: 0 | S10: =SUM(C10:Q10) -> 0 | T10: =S10-R10 -> 0 | U10: =U9+T10 -> 0 | X10: =V10+W10*Summen!$B$44 -> 0 | AG10: =(Z10-Y10)+(AB10-AA10)+(AD10-AC10)+(AF10-AE10) -> 0 | AH10: =HOUR(AG10) -> 0 | AI10: =MINUTE(AG10)/60 -> 0 | AJ10: =AH10+AI10 -> 0 | AL10: =SUM(C10:Q10)-AJ10 -> 0
A11: =A10+1 -> 46150 | B11: =IFERROR(VLOOKUP(A11, Feiertage!$B:$C, 2, 0), IF(OR(WEEKDAY(A11,2)=6, WEEKDAY(A11,2)=7), Feiertage!$C$23, "")) | R11: 0 | S11: =SUM(C11:Q11) -> 0 | T11: =S11-R11 -> 0 | U11: =U10+T11 -> 0 | X11: =V11+W11*Summen!$B$44 -> 0 | AG11: =(Z11-Y11)+(AB11-AA11)+(AD11-AC11)+(AF11-AE11) -> 0 | AH11: =HOUR(AG11) -> 0 | AI11: =MINUTE(AG11)/60 -> 0 | AJ11: =AH11+AI11 -> 0 | AL11: =SUM(C11:Q11)-AJ11 -> 0
A12: =A11+1 -> 46151 | B12: =IFERROR(VLOOKUP(A12, Feiertage!$B:$C, 2, 0), IF(OR(WEEKDAY(A12,2)=6, WEEKDAY(A12,2)=7), Feiertage!$C$23, "")) -> * * * * * * * * Wochenende * * * * * * * * * * * * * * * * * * * * * * * * * * * * * * * * * * * * * * * * * * * * * * * * | R12: =IF(OR(WEEKDAY(A12,2)=6,WEEKDAY(A12,2)=7),0,IFERROR(IF(VLOOKUP(A12,Feiertage!$B:$D,3,0)="ja",0,Summen!$B$9),Summen!$B$9)) -> 0 | S12: =SUM(C12:Q12) -> 0 | T12: =S12-R12 -> 0 | U12: =U11+T12 -> 0 | X12: =V12+W12*Summen!$B$44 -> 0 | AG12: =(Z12-Y12)+(AB12-AA12)+(AD12-AC12)+(AF12-AE12) -> 0 | AH12: =HOUR(AG12) -> 0 | AI12: =MINUTE(AG12)/60 -> 0 | AJ12: =AH12+AI12 -> 0 | AL12: =SUM(C12:Q12)-AJ12 -> 0
A13: =A12+1 -> 46152 | B13: =IFERROR(VLOOKUP(A13, Feiertage!$B:$C, 2, 0), IF(OR(WEEKDAY(A13,2)=6, WEEKDAY(A13,2)=7), Feiertage!$C$23, "")) -> * * * * * * * * Wochenende * * * * * * * * * * * * * * * * * * * * * * * * * * * * * * * * * * * * * * * * * * * * * * * * | R13: =IF(OR(WEEKDAY(A13,2)=6,WEEKDAY(A13,2)=7),0,IFERROR(IF(VLOOKUP(A13,Feiertage!$B:$D,3,0)="ja",0,Summen!$B$9),Summen!$B$9)) -> 0 | S13: =SUM(C13:Q13) -> 0 | T13: =S13-R13 -> 0 | U13: =U12+T13 -> 0 | X13: =V13+W13*Summen!$B$44 -> 0 | AG13: =(Z13-Y13)+(AB13-AA13)+(AD13-AC13)+(AF13-AE13) -> 0 | AH13: =HOUR(AG13) -> 0 | AI13: =MINUTE(AG13)/60 -> 0 | AJ13: =AH13+AI13 -> 0 | AL13: =SUM(C13:Q13)-AJ13 -> 0
A14: =A13+1 -> 46153 | B14: =IFERROR(VLOOKUP(A14, Feiertage!$B:$C, 2, 0), IF(OR(WEEKDAY(A14,2)=6, WEEKDAY(A14,2)=7), Feiertage!$C$23, "")) | R14: 0 | S14: =SUM(C14:Q14) -> 0 | T14: =S14-R14 -> 0 | U14: =U13+T14 -> 0 | X14: =V14+W14*Summen!$B$44 -> 0 | AG14: =(Z14-Y14)+(AB14-AA14)+(AD14-AC14)+(AF14-AE14) -> 0 | AH14: =HOUR(AG14) -> 0 | AI14: =MINUTE(AG14)/60 -> 0 | AJ14: =AH14+AI14 -> 0 | AL14: =SUM(C14:Q14)-AJ14 -> 0
A15: =A14+1 -> 46154 | B15: =IFERROR(VLOOKUP(A15, Feiertage!$B:$C, 2, 0), IF(OR(WEEKDAY(A15,2)=6, WEEKDAY(A15,2)=7), Feiertage!$C$23, "")) | R15: 0 | S15: =SUM(C15:Q15) -> 0 | T15: =S15-R15 -> 0 | U15: =U14+T15 -> 0 | X15: =V15+W15*Summen!$B$44 -> 0 | AG15: =(Z15-Y15)+(AB15-AA15)+(AD15-AC15)+(AF15-AE15) -> 0 | AH15: =HOUR(AG15) -> 0 | AI15: =MINUTE(AG15)/60 -> 0 | AJ15: =AH15+AI15 -> 0 | AL15: =SUM(C15:Q15)-AJ15 -> 0
A16: =A15+1 -> 46155 | B16: =IFERROR(VLOOKUP(A16, Feiertage!$B:$C, 2, 0), IF(OR(WEEKDAY(A16,2)=6, WEEKDAY(A16,2)=7), Feiertage!$C$23, "")) | R16: 0 | S16: =SUM(C16:Q16) -> 0 | T16: =S16-R16 -> 0 | U16: =U15+T16 -> 0 | X16: =V16+W16*Summen!$B$44 -> 0 | AG16: =(Z16-Y16)+(AB16-AA16)+(AD16-AC16)+(AF16-AE16) -> 0 | AH16: =HOUR(AG16) -> 0 | AI16: =MINUTE(AG16)/60 -> 0 | AJ16: =AH16+AI16 -> 0 | AL16: =SUM(C16:Q16)-AJ16 -> 0
A17: =A16+1 -> 46156 | B17: =IFERROR(VLOOKUP(A17, Feiertage!$B:$C, 2, 0), IF(OR(WEEKDAY(A17,2)=6, WEEKDAY(A17,2)=7), Feiertage!$C$23, "")) -> * * * * * * * * Auffahrt * * * * * * * * * * * * * * * * * * * * * * * * * * * * * * * * * * * * * * * * * * * * * * * * * * * * | R17: =IF(OR(WEEKDAY(A17,2)=6,WEEKDAY(A17,2)=7),0,IFERROR(IF(VLOOKUP(A17,Feiertage!$B:$D,3,0)="ja",0,Summen!$B$9),Summen!$B$9)) -> 0 | S17: =SUM(C17:Q17) -> 0 | T17: =S17-R17 -> 0 | U17: =U16+T17 -> 0 | X17: =V17+W17*Summen!$B$44 -> 0 | AG17: =(Z17-Y17)+(AB17-AA17)+(AD17-AC17)+(AF17-AE17) -> 0 | AH17: =HOUR(AG17) -> 0 | AI17: =MINUTE(AG17)/60 -> 0 | AJ17: =AH17+AI17 -> 0 | AL17: =SUM(C17:Q17)-AJ17 -> 0
A18: =A17+1 -> 46157 | B18: =IFERROR(VLOOKUP(A18, Feiertage!$B:$C, 2, 0), IF(OR(WEEKDAY(A18,2)=6, WEEKDAY(A18,2)=7), Feiertage!$C$23, "")) | R18: 0 | S18: =SUM(C18:Q18) -> 0 | T18: =S18-R18 -> 0 | U18: =U17+T18 -> 0 | X18: =V18+W18*Summen!$B$44 -> 0 | AG18: =(Z18-Y18)+(AB18-AA18)+(AD18-AC18)+(AF18-AE18) -> 0 | AH18: =HOUR(AG18) -> 0 | AI18: =MINUTE(AG18)/60 -> 0 | AJ18: =AH18+AI18 -> 0 | AL18: =SUM(C18:Q18)-AJ18 -> 0
A19: =A18+1 -> 46158 | B19: =IFERROR(VLOOKUP(A19, Feiertage!$B:$C, 2, 0), IF(OR(WEEKDAY(A19,2)=6, WEEKDAY(A19,2)=7), Feiertage!$C$23, "")) -> * * * * * * * * Wochenende * * * * * * * * * * * * * * * * * * * * * * * * * * * * * * * * * * * * * * * * * * * * * * * * | R19: =IF(OR(WEEKDAY(A19,2)=6,WEEKDAY(A19,2)=7),0,IFERROR(IF(VLOOKUP(A19,Feiertage!$B:$D,3,0)="ja",0,Summen!$B$9),Summen!$B$9)) -> 0 | S19: =SUM(C19:Q19) -> 0 | T19: =S19-R19 -> 0 | U19: =U18+T19 -> 0 | X19: =V19+W19*Summen!$B$44 -> 0 | AG19: =(Z19-Y19)+(AB19-AA19)+(AD19-AC19)+(AF19-AE19) -> 0 | AH19: =HOUR(AG19) -> 0 | AI19: =MINUTE(AG19)/60 -> 0 | AJ19: =AH19+AI19 -> 0 | AL19: =SUM(C19:Q19)-AJ19 -> 0
A20: =A19+1 -> 46159 | B20: =IFERROR(VLOOKUP(A20, Feiertage!$B:$C, 2, 0), IF(OR(WEEKDAY(A20,2)=6, WEEKDAY(A20,2)=7), Feiertage!$C$23, "")) -> * * * * * * * * Wochenende * * * * * * * * * * * * * * * * * * * * * * * * * * * * * * * * * * * * * * * * * * * * * * * * | R20: =IF(OR(WEEKDAY(A20,2)=6,WEEKDAY(A20,2)=7),0,IFERROR(IF(VLOOKUP(A20,Feiertage!$B:$D,3,0)="ja",0,Summen!$B$9),Summen!$B$9)) -> 0 | S20: =SUM(C20:Q20) -> 0 | T20: =S20-R20 -> 0 | U20: =U19+T20 -> 0 | X20: =V20+W20*Summen!$B$44 -> 0 | AG20: =(Z20-Y20)+(AB20-AA20)+(AD20-AC20)+(AF20-AE20) -> 0 | AH20: =HOUR(AG20) -> 0 | AI20: =MINUTE(AG20)/60 -> 0 | AJ20: =AH20+AI20 -> 0 | AL20: =SUM(C20:Q20)-AJ20 -> 0
A21: =A20+1 -> 46160 | B21: =IFERROR(VLOOKUP(A21, Feiertage!$B:$C, 2, 0), IF(OR(WEEKDAY(A21,2)=6, WEEKDAY(A21,2)=7), Feiertage!$C$23, "")) | R21: 0 | S21: =SUM(C21:Q21) -> 0 | T21: =S21-R21 -> 0 | U21: =U20+T21 -> 0 | X21: =V21+W21*Summen!$B$44 -> 0 | AG21: =(Z21-Y21)+(AB21-AA21)+(AD21-AC21)+(AF21-AE21) -> 0 | AH21: =HOUR(AG21) -> 0 | AI21: =MINUTE(AG21)/60 -> 0 | AJ21: =AH21+AI21 -> 0 | AL21: =SUM(C21:Q21)-AJ21 -> 0
A22: =A21+1 -> 46161 | B22: =IFERROR(VLOOKUP(A22, Feiertage!$B:$C, 2, 0), IF(OR(WEEKDAY(A22,2)=6, WEEKDAY(A22,2)=7), Feiertage!$C$23, "")) | R22: 0 | S22: =SUM(C22:Q22) -> 0 | T22: =S22-R22 -> 0 | U22: =U21+T22 -> 0 | X22: =V22+W22*Summen!$B$44 -> 0 | AG22: =(Z22-Y22)+(AB22-AA22)+(AD22-AC22)+(AF22-AE22) -> 0 | AH22: =HOUR(AG22) -> 0 | AI22: =MINUTE(AG22)/60 -> 0 | AJ22: =AH22+AI22 -> 0 | AL22: =SUM(C22:Q22)-AJ22 -> 0
A23: =A22+1 -> 46162 | B23: =IFERROR(VLOOKUP(A23, Feiertage!$B:$C, 2, 0), IF(OR(WEEKDAY(A23,2)=6, WEEKDAY(A23,2)=7), Feiertage!$C$23, "")) | R23: 0 | S23: =SUM(C23:Q23) -> 0 | T23: =S23-R23 -> 0 | U23: =U22+T23 -> 0 | X23: =V23+W23*Summen!$B$44 -> 0 | AG23: =(Z23-Y23)+(AB23-AA23)+(AD23-AC23)+(AF23-AE23) -> 0 | AH23: =HOUR(AG23) -> 0 | AI23: =MINUTE(AG23)/60 -> 0 | AJ23: =AH23+AI23 -> 0 | AL23: =SUM(C23:Q23)-AJ23 -> 0
A24: =A23+1 -> 46163 | B24: =IFERROR(VLOOKUP(A24, Feiertage!$B:$C, 2, 0), IF(OR(WEEKDAY(A24,2)=6, WEEKDAY(A24,2)=7), Feiertage!$C$23, "")) | R24: 0 | S24: =SUM(C24:Q24) -> 0 | T24: =S24-R24 -> 0 | U24: =U23+T24 -> 0 | X24: =V24+W24*Summen!$B$44 -> 0 | AG24: =(Z24-Y24)+(AB24-AA24)+(AD24-AC24)+(AF24-AE24) -> 0 | AH24: =HOUR(AG24) -> 0 | AI24: =MINUTE(AG24)/60 -> 0 | AJ24: =AH24+AI24 -> 0 | AL24: =SUM(C24:Q24)-AJ24 -> 0
A25: =A24+1 -> 46164 | B25: =IFERROR(VLOOKUP(A25, Feiertage!$B:$C, 2, 0), IF(OR(WEEKDAY(A25,2)=6, WEEKDAY(A25,2)=7), Feiertage!$C$23, "")) | R25: 0 | S25: =SUM(C25:Q25) -> 0 | T25: =S25-R25 -> 0 | U25: =U24+T25 -> 0 | X25: =V25+W25*Summen!$B$44 -> 0 | AG25: =(Z25-Y25)+(AB25-AA25)+(AD25-AC25)+(AF25-AE25) -> 0 | AH25: =HOUR(AG25) -> 0 | AI25: =MINUTE(AG25)/60 -> 0 | AJ25: =AH25+AI25 -> 0 | AL25: =SUM(C25:Q25)-AJ25 -> 0
A26: =A25+1 -> 46165 | B26: =IFERROR(VLOOKUP(A26, Feiertage!$B:$C, 2, 0), IF(OR(WEEKDAY(A26,2)=6, WEEKDAY(A26,2)=7), Feiertage!$C$23, "")) -> * * * * * * * * Wochenende * * * * * * * * * * * * * * * * * * * * * * * * * * * * * * * * * * * * * * * * * * * * * * * * | R26: =IF(OR(WEEKDAY(A26,2)=6,WEEKDAY(A26,2)=7),0,IFERROR(IF(VLOOKUP(A26,Feiertage!$B:$D,3,0)="ja",0,Summen!$B$9),Summen!$B$9)) -> 0 | S26: =SUM(C26:Q26) -> 0 | T26: =S26-R26 -> 0 | U26: =U25+T26 -> 0 | X26: =V26+W26*Summen!$B$44 -> 0 | AG26: =(Z26-Y26)+(AB26-AA26)+(AD26-AC26)+(AF26-AE26) -> 0 | AH26: =HOUR(AG26) -> 0 | AI26: =MINUTE(AG26)/60 -> 0 | AJ26: =AH26+AI26 -> 0 | AL26: =SUM(C26:Q26)-AJ26 -> 0
A27: =A26+1 -> 46166 | B27: =IFERROR(VLOOKUP(A27, Feiertage!$B:$C, 2, 0), IF(OR(WEEKDAY(A27,2)=6, WEEKDAY(A27,2)=7), Feiertage!$C$23, "")) -> * * * * * * * * Wochenende * * * * * * * * * * * * * * * * * * * * * * * * * * * * * * * * * * * * * * * * * * * * * * * * | R27: =IF(OR(WEEKDAY(A27,2)=6,WEEKDAY(A27,2)=7),0,IFERROR(IF(VLOOKUP(A27,Feiertage!$B:$D,3,0)="ja",0,Summen!$B$9),Summen!$B$9)) -> 0 | S27: =SUM(C27:Q27) -> 0 | T27: =S27-R27 -> 0 | U27: =U26+T27 -> 0 | X27: =V27+W27*Summen!$B$44 -> 0 | AG27: =(Z27-Y27)+(AB27-AA27)+(AD27-AC27)+(AF27-AE27) -> 0 | AH27: =HOUR(AG27) -> 0 | AI27: =MINUTE(AG27)/60 -> 0 | AJ27: =AH27+AI27 -> 0 | AL27: =SUM(C27:Q27)-AJ27 -> 0
A28: =A27+1 -> 46167 | B28: =IFERROR(VLOOKUP(A28, Feiertage!$B:$C, 2, 0), IF(OR(WEEKDAY(A28,2)=6, WEEKDAY(A28,2)=7), Feiertage!$C$23, "")) -> * * * * * * * * Pfingstmontag * * * * * * * * * * * * * * * * * * * * * * * * * * * * * * * * * * * * * * * * * * * * * * * | R28: 0 | S28: =SUM(C28:Q28) -> 0 | T28: =S28-R28 -> 0 | U28: =U27+T28 -> 0 | X28: =V28+W28*Summen!$B$44 -> 0 | AG28: =(Z28-Y28)+(AB28-AA28)+(AD28-AC28)+(AF28-AE28) -> 0 | AH28: =HOUR(AG28) -> 0 | AI28: =MINUTE(AG28)/60 -> 0 | AJ28: =AH28+AI28 -> 0 | AL28: =SUM(C28:Q28)-AJ28 -> 0
A29: =A28+1 -> 46168 | B29: =IFERROR(VLOOKUP(A29, Feiertage!$B:$C, 2, 0), IF(OR(WEEKDAY(A29,2)=6, WEEKDAY(A29,2)=7), Feiertage!$C$23, "")) | R29: 0 | S29: =SUM(C29:Q29) -> 0 | T29: =S29-R29 -> 0 | U29: =U28+T29 -> 0 | X29: =V29+W29*Summen!$B$44 -> 0 | AG29: =(Z29-Y29)+(AB29-AA29)+(AD29-AC29)+(AF29-AE29) -> 0 | AH29: =HOUR(AG29) -> 0 | AI29: =MINUTE(AG29)/60 -> 0 | AJ29: =AH29+AI29 -> 0 | AL29: =SUM(C29:Q29)-AJ29 -> 0
A30: =A29+1 -> 46169 | B30: =IFERROR(VLOOKUP(A30, Feiertage!$B:$C, 2, 0), IF(OR(WEEKDAY(A30,2)=6, WEEKDAY(A30,2)=7), Feiertage!$C$23, "")) | R30: 0 | S30: =SUM(C30:Q30) -> 0 | T30: =S30-R30 -> 0 | U30: =U29+T30 -> 0 | X30: =V30+W30*Summen!$B$44 -> 0 | AG30: =(Z30-Y30)+(AB30-AA30)+(AD30-AC30)+(AF30-AE30) -> 0 | AH30: =HOUR(AG30) -> 0 | AI30: =MINUTE(AG30)/60 -> 0 | AJ30: =AH30+AI30 -> 0 | AL30: =SUM(C30:Q30)-AJ30 -> 0
A31: =A30+1 -> 46170 | B31: =IFERROR(VLOOKUP(A31, Feiertage!$B:$C, 2, 0), IF(OR(WEEKDAY(A31,2)=6, WEEKDAY(A31,2)=7), Feiertage!$C$23, "")) | R31: 0 | S31: =SUM(C31:Q31) -> 0 | T31: =S31-R31 -> 0 | U31: =U30+T31 -> 0 | X31: =V31+W31*Summen!$B$44 -> 0 | AG31: =(Z31-Y31)+(AB31-AA31)+(AD31-AC31)+(AF31-AE31) -> 0 | AH31: =HOUR(AG31) -> 0 | AI31: =MINUTE(AG31)/60 -> 0 | AJ31: =AH31+AI31 -> 0 | AL31: =SUM(C31:Q31)-AJ31 -> 0
A32: =A31+1 -> 46171 | B32: =IFERROR(VLOOKUP(A32, Feiertage!$B:$C, 2, 0), IF(OR(WEEKDAY(A32,2)=6, WEEKDAY(A32,2)=7), Feiertage!$C$23, "")) | R32: 0 | S32: =SUM(C32:Q32) -> 0 | T32: =S32-R32 -> 0 | U32: =U31+T32 -> 0 | X32: =V32+W32*Summen!$B$44 -> 0 | AG32: =(Z32-Y32)+(AB32-AA32)+(AD32-AC32)+(AF32-AE32) -> 0 | AH32: =HOUR(AG32) -> 0 | AI32: =MINUTE(AG32)/60 -> 0 | AJ32: =AH32+AI32 -> 0 | AL32: =SUM(C32:Q32)-AJ32 -> 0
A33: =A32+1 -> 46172 | B33: =IFERROR(VLOOKUP(A33, Feiertage!$B:$C, 2, 0), IF(OR(WEEKDAY(A33,2)=6, WEEKDAY(A33,2)=7), Feiertage!$C$23, "")) -> * * * * * * * * Wochenende * * * * * * * * * * * * * * * * * * * * * * * * * * * * * * * * * * * * * * * * * * * * * * * * | R33: =IF(OR(WEEKDAY(A33,2)=6,WEEKDAY(A33,2)=7),0,IFERROR(IF(VLOOKUP(A33,Feiertage!$B:$D,3,0)="ja",0,Summen!$B$9),Summen!$B$9)) -> 0 | S33: =SUM(C33:Q33) -> 0 | T33: =S33-R33 -> 0 | U33: =U32+T33 -> 0 | X33: =V33+W33*Summen!$B$44 -> 0 | AG33: =(Z33-Y33)+(AB33-AA33)+(AD33-AC33)+(AF33-AE33) -> 0 | AH33: =HOUR(AG33) -> 0 | AI33: =MINUTE(AG33)/60 -> 0 | AJ33: =AH33+AI33 -> 0 | AL33: =SUM(C33:Q33)-AJ33 -> 0
A34: =A33+1 -> 46173 | B34: =IFERROR(VLOOKUP(A34, Feiertage!$B:$C, 2, 0), IF(OR(WEEKDAY(A34,2)=6, WEEKDAY(A34,2)=7), Feiertage!$C$23, "")) -> * * * * * * * * Wochenende * * * * * * * * * * * * * * * * * * * * * * * * * * * * * * * * * * * * * * * * * * * * * * * * | R34: =IF(OR(WEEKDAY(A34,2)=6,WEEKDAY(A34,2)=7),0,IFERROR(IF(VLOOKUP(A34,Feiertage!$B:$D,3,0)="ja",0,Summen!$B$9),Summen!$B$9)) -> 0 | S34: =SUM(C34:Q34) -> 0 | T34: =S34-R34 -> 0 | U34: =U33+T34 -> 0 | X34: =V34+W34*Summen!$B$44 -> 0 | AG34: =(Z34-Y34)+(AB34-AA34)+(AD34-AC34)+(AF34-AE34) -> 0 | AH34: =HOUR(AG34) -> 0 | AI34: =MINUTE(AG34)/60 -> 0 | AJ34: =AH34+AI34 -> 0 | AL34: =SUM(C34:Q34)-AJ34 -> 0
A35: Total | C35: =SUM(C4:C34) -> 0 | D35: =SUM(D4:D34) -> 0 | E35: =SUM(E4:E34) -> 0 | F35: =SUM(F4:F34) -> 0 | G35: =SUM(G4:G34) -> 0 | H35: =SUM(H4:H34) -> 0 | I35: =SUM(I4:I34) -> 0 | J35: =SUM(J4:J34) -> 0 | ... T35: =SUM(T4:T34) -> 0 | U35: =U34 -> 0 | V35: =SUM(V4:V34) -> 0 | W35: =SUM(W4:W34)*Summen!$B$44 -> 0 | X35: =V35+W35 -> 0 | AJ35: =SUM(AJ4:AJ34) -> 0 | AL35: =SUM(C35:Q35)-AJ35 -> 0

Sheet Jun
A1: =Summen!B1 -> Alta Engineering AG | F1: Monatsblatt | H1: Name: | J1: =Summen!B3 -> Michael Küng | N1: Monat: | P1: =Mai!P1+31 -> 46174 | S1: Anstellung : | U1: =Summen!B5 -> 1 | W1: Blatt Nr. | X1: =Mai!X1+1 -> 6
C2: Ferien: | E2: =Summen!B18 -> 10.8 | F2: Bezogen: | H2: =Mai!H2+(Mai!Q35/Summen!B9) -> 0 | I2: Rest: | J2: =E2-H2 -> 10.8 | T2: Stundenübertrag Vormonat : | U2: =Mai!U35 -> 0 | V2: Spesen
A3: Projekte | C3: Raytech AG | D3: Avesco AG | E3: Unproduktiv | L3: krank | M3: Reisezeit | N3: CAD | O3: Ausbildung | P3: Büro | Q3: Ferien | R3: Soll | S3: Ist | T3: +/- | U3: Stand | V3: Fr. | W3: Km | X3: Summe | Y3: Start [hh:mm] | Z3: Stop [hh:mm] | AA3: Start [hh:mm] | AB3: Stop [hh:mm] | AC3: Start [hh:mm] | AD3: Stop [hh:mm] | AE3: Start [hh:mm] | AF3: Stop [hh:mm] | AG3: Ist-Zeit [hh:mm] | AH3: Ist-Zeit [hh] | AI3: Ist-Zeit [.hh] | AJ3: Ist-Zeit [h.h] | AL3: Aufteilung - Istzeit
A4: =P1 -> 46174 | B4: =IFERROR(VLOOKUP(A4, Feiertage!$B:$C, 2, 0), IF(OR(WEEKDAY(A4,2)=6, WEEKDAY(A4,2)=7), Feiertage!$C$23, "")) | R4: 0 | S4: =SUM(C4:Q4) -> 0 | T4: =S4-R4 -> 0 | U4: =U2+T4 -> 0 | X4: =V4+W4*Summen!$B$44 -> 0 | AG4: =(Z4-Y4)+(AB4-AA4)+(AD4-AC4)+(AF4-AE4) -> 0 | AH4: =HOUR(AG4) -> 0 | AI4: =MINUTE(AG4)/60 -> 0 | AJ4: =AH4+AI4 -> 0 | AL4: =SUM(C4:Q4)-AJ4 -> 0
A5: =A4+1 -> 46175 | B5: =IFERROR(VLOOKUP(A5, Feiertage!$B:$C, 2, 0), IF(OR(WEEKDAY(A5,2)=6, WEEKDAY(A5,2)=7), Feiertage!$C$23, "")) | R5: 0 | S5: =SUM(C5:Q5) -> 0 | T5: =S5-R5 -> 0 | U5: =U4+T5 -> 0 | X5: =V5+W5*Summen!$B$44 -> 0 | AG5: =(Z5-Y5)+(AB5-AA5)+(AD5-AC5)+(AF5-AE5) -> 0 | AH5: =HOUR(AG5) -> 0 | AI5: =MINUTE(AG5)/60 -> 0 | AJ5: =AH5+AI5 -> 0 | AL5: =SUM(C5:Q5)-AJ5 -> 0
A6: =A5+1 -> 46176 | B6: =IFERROR(VLOOKUP(A6, Feiertage!$B:$C, 2, 0), IF(OR(WEEKDAY(A6,2)=6, WEEKDAY(A6,2)=7), Feiertage!$C$23, "")) | R6: 0 | S6: =SUM(C6:Q6) -> 0 | T6: =S6-R6 -> 0 | U6: =U5+T6 -> 0 | X6: =V6+W6*Summen!$B$44 -> 0 | AG6: =(Z6-Y6)+(AB6-AA6)+(AD6-AC6)+(AF6-AE6) -> 0 | AH6: =HOUR(AG6) -> 0 | AI6: =MINUTE(AG6)/60 -> 0 | AJ6: =AH6+AI6 -> 0 | AL6: =SUM(C6:Q6)-AJ6 -> 0
A7: =A6+1 -> 46177 | B7: =IFERROR(VLOOKUP(A7, Feiertage!$B:$C, 2, 0), IF(OR(WEEKDAY(A7,2)=6, WEEKDAY(A7,2)=7), Feiertage!$C$23, "")) -> * * * * * * * * Fronleichnam * * * * * * * * * * * * * * * * * * * * * * * * * * * * * * * * * * * * * * * * * * * * * * * * | R7: =IF(OR(WEEKDAY(A7,2)=6,WEEKDAY(A7,2)=7),0,IFERROR(IF(VLOOKUP(A7,Feiertage!$B:$D,3,0)="ja",0,Summen!$B$9),Summen!$B$9)) -> 0 | S7: =SUM(C7:Q7) -> 0 | T7: =S7-R7 -> 0 | U7: =U6+T7 -> 0 | X7: =V7+W7*Summen!$B$44 -> 0 | AG7: =(Z7-Y7)+(AB7-AA7)+(AD7-AC7)+(AF7-AE7) -> 0 | AH7: =HOUR(AG7) -> 0 | AI7: =MINUTE(AG7)/60 -> 0 | AJ7: =AH7+AI7 -> 0 | AL7: =SUM(C7:Q7)-AJ7 -> 0
A8: =A7+1 -> 46178 | B8: =IFERROR(VLOOKUP(A8, Feiertage!$B:$C, 2, 0), IF(OR(WEEKDAY(A8,2)=6, WEEKDAY(A8,2)=7), Feiertage!$C$23, "")) | R8: 0 | S8: =SUM(C8:Q8) -> 0 | T8: =S8-R8 -> 0 | U8: =U7+T8 -> 0 | X8: =V8+W8*Summen!$B$44 -> 0 | AG8: =(Z8-Y8)+(AB8-AA8)+(AD8-AC8)+(AF8-AE8) -> 0 | AH8: =HOUR(AG8) -> 0 | AI8: =MINUTE(AG8)/60 -> 0 | AJ8: =AH8+AI8 -> 0 | AL8: =SUM(C8:Q8)-AJ8 -> 0
A9: =A8+1 -> 46179 | B9: =IFERROR(VLOOKUP(A9, Feiertage!$B:$C, 2, 0), IF(OR(WEEKDAY(A9,2)=6, WEEKDAY(A9,2)=7), Feiertage!$C$23, "")) -> * * * * * * * * Wochenende * * * * * * * * * * * * * * * * * * * * * * * * * * * * * * * * * * * * * * * * * * * * * * * * | R9: =IF(OR(WEEKDAY(A9,2)=6,WEEKDAY(A9,2)=7),0,IFERROR(IF(VLOOKUP(A9,Feiertage!$B:$D,3,0)="ja",0,Summen!$B$9),Summen!$B$9)) -> 0 | S9: =SUM(C9:Q9) -> 0 | T9: =S9-R9 -> 0 | U9: =U8+T9 -> 0 | X9: =V9+W9*Summen!$B$44 -> 0 | AG9: =(Z9-Y9)+(AB9-AA9)+(AD9-AC9)+(AF9-AE9) -> 0 | AH9: =HOUR(AG9) -> 0 | AI9: =MINUTE(AG9)/60 -> 0 | AJ9: =AH9+AI9 -> 0 | AL9: =SUM(C9:Q9)-AJ9 -> 0
A10: =A9+1 -> 46180 | B10: =IFERROR(VLOOKUP(A10, Feiertage!$B:$C, 2, 0), IF(OR(WEEKDAY(A10,2)=6, WEEKDAY(A10,2)=7), Feiertage!$C$23, "")) -> * * * * * * * * Wochenende * * * * * * * * * * * * * * * * * * * * * * * * * * * * * * * * * * * * * * * * * * * * * * * * | R10: =IF(OR(WEEKDAY(A10,2)=6,WEEKDAY(A10,2)=7),0,IFERROR(IF(VLOOKUP(A10,Feiertage!$B:$D,3,0)="ja",0,Summen!$B$9),Summen!$B$9)) -> 0 | S10: =SUM(C10:Q10) -> 0 | T10: =S10-R10 -> 0 | U10: =U9+T10 -> 0 | X10: =V10+W10*Summen!$B$44 -> 0 | AG10: =(Z10-Y10)+(AB10-AA10)+(AD10-AC10)+(AF10-AE10) -> 0 | AH10: =HOUR(AG10) -> 0 | AI10: =MINUTE(AG10)/60 -> 0 | AJ10: =AH10+AI10 -> 0 | AL10: =SUM(C10:Q10)-AJ10 -> 0
A11: =A10+1 -> 46181 | B11: =IFERROR(VLOOKUP(A11, Feiertage!$B:$C, 2, 0), IF(OR(WEEKDAY(A11,2)=6, WEEKDAY(A11,2)=7), Feiertage!$C$23, "")) | R11: 0 | S11: =SUM(C11:Q11) -> 0 | T11: =S11-R11 -> 0 | U11: =U10+T11 -> 0 | X11: =V11+W11*Summen!$B$44 -> 0 | AG11: =(Z11-Y11)+(AB11-AA11)+(AD11-AC11)+(AF11-AE11) -> 0 | AH11: =HOUR(AG11) -> 0 | AI11: =MINUTE(AG11)/60 -> 0 | AJ11: =AH11+AI11 -> 0 | AL11: =SUM(C11:Q11)-AJ11 -> 0
A12: =A11+1 -> 46182 | B12: =IFERROR(VLOOKUP(A12, Feiertage!$B:$C, 2, 0), IF(OR(WEEKDAY(A12,2)=6, WEEKDAY(A12,2)=7), Feiertage!$C$23, "")) | R12: 0 | S12: =SUM(C12:Q12) -> 0 | T12: =S12-R12 -> 0 | U12: =U11+T12 -> 0 | X12: =V12+W12*Summen!$B$44 -> 0 | AG12: =(Z12-Y12)+(AB12-AA12)+(AD12-AC12)+(AF12-AE12) -> 0 | AH12: =HOUR(AG12) -> 0 | AI12: =MINUTE(AG12)/60 -> 0 | AJ12: =AH12+AI12 -> 0 | AL12: =SUM(C12:Q12)-AJ12 -> 0
A13: =A12+1 -> 46183 | B13: =IFERROR(VLOOKUP(A13, Feiertage!$B:$C, 2, 0), IF(OR(WEEKDAY(A13,2)=6, WEEKDAY(A13,2)=7), Feiertage!$C$23, "")) | R13: 0 | S13: =SUM(C13:Q13) -> 0 | T13: =S13-R13 -> 0 | U13: =U12+T13 -> 0 | X13: =V13+W13*Summen!$B$44 -> 0 | AG13: =(Z13-Y13)+(AB13-AA13)+(AD13-AC13)+(AF13-AE13) -> 0 | AH13: =HOUR(AG13) -> 0 | AI13: =MINUTE(AG13)/60 -> 0 | AJ13: =AH13+AI13 -> 0 | AL13: =SUM(C13:Q13)-AJ13 -> 0
A14: =A13+1 -> 46184 | B14: =IFERROR(VLOOKUP(A14, Feiertage!$B:$C, 2, 0), IF(OR(WEEKDAY(A14,2)=6, WEEKDAY(A14,2)=7), Feiertage!$C$23, "")) | R14: 0 | S14: =SUM(C14:Q14) -> 0 | T14: =S14-R14 -> 0 | U14: =U13+T14 -> 0 | X14: =V14+W14*Summen!$B$44 -> 0 | AG14: =(Z14-Y14)+(AB14-AA14)+(AD14-AC14)+(AF14-AE14) -> 0 | AH14: =HOUR(AG14) -> 0 | AI14: =MINUTE(AG14)/60 -> 0 | AJ14: =AH14+AI14 -> 0 | AL14: =SUM(C14:Q14)-AJ14 -> 0
A15: =A14+1 -> 46185 | B15: =IFERROR(VLOOKUP(A15, Feiertage!$B:$C, 2, 0), IF(OR(WEEKDAY(A15,2)=6, WEEKDAY(A15,2)=7), Feiertage!$C$23, "")) | R15: 0 | S15: =SUM(C15:Q15) -> 0 | T15: =S15-R15 -> 0 | U15: =U14+T15 -> 0 | X15: =V15+W15*Summen!$B$44 -> 0 | AG15: =(Z15-Y15)+(AB15-AA15)+(AD15-AC15)+(AF15-AE15) -> 0 | AH15: =HOUR(AG15) -> 0 | AI15: =MINUTE(AG15)/60 -> 0 | AJ15: =AH15+AI15 -> 0 | AL15: =SUM(C15:Q15)-AJ15 -> 0
A16: =A15+1 -> 46186 | B16: =IFERROR(VLOOKUP(A16, Feiertage!$B:$C, 2, 0), IF(OR(WEEKDAY(A16,2)=6, WEEKDAY(A16,2)=7), Feiertage!$C$23, "")) -> * * * * * * * * Wochenende * * * * * * * * * * * * * * * * * * * * * * * * * * * * * * * * * * * * * * * * * * * * * * * * | R16: =IF(OR(WEEKDAY(A16,2)=6,WEEKDAY(A16,2)=7),0,IFERROR(IF(VLOOKUP(A16,Feiertage!$B:$D,3,0)="ja",0,Summen!$B$9),Summen!$B$9)) -> 0 | S16: =SUM(C16:Q16) -> 0 | T16: =S16-R16 -> 0 | U16: =U15+T16 -> 0 | X16: =V16+W16*Summen!$B$44 -> 0 | AG16: =(Z16-Y16)+(AB16-AA16)+(AD16-AC16)+(AF16-AE16) -> 0 | AH16: =HOUR(AG16) -> 0 | AI16: =MINUTE(AG16)/60 -> 0 | AJ16: =AH16+AI16 -> 0 | AL16: =SUM(C16:Q16)-AJ16 -> 0
A17: =A16+1 -> 46187 | B17: =IFERROR(VLOOKUP(A17, Feiertage!$B:$C, 2, 0), IF(OR(WEEKDAY(A17,2)=6, WEEKDAY(A17,2)=7), Feiertage!$C$23, "")) -> * * * * * * * * Wochenende * * * * * * * * * * * * * * * * * * * * * * * * * * * * * * * * * * * * * * * * * * * * * * * * | R17: =IF(OR(WEEKDAY(A17,2)=6,WEEKDAY(A17,2)=7),0,IFERROR(IF(VLOOKUP(A17,Feiertage!$B:$D,3,0)="ja",0,Summen!$B$9),Summen!$B$9)) -> 0 | S17: =SUM(C17:Q17) -> 0 | T17: =S17-R17 -> 0 | U17: =U16+T17 -> 0 | X17: =V17+W17*Summen!$B$44 -> 0 | AG17: =(Z17-Y17)+(AB17-AA17)+(AD17-AC17)+(AF17-AE17) -> 0 | AH17: =HOUR(AG17) -> 0 | AI17: =MINUTE(AG17)/60 -> 0 | AJ17: =AH17+AI17 -> 0 | AL17: =SUM(C17:Q17)-AJ17 -> 0
A18: =A17+1 -> 46188 | B18: =IFERROR(VLOOKUP(A18, Feiertage!$B:$C, 2, 0), IF(OR(WEEKDAY(A18,2)=6, WEEKDAY(A18,2)=7), Feiertage!$C$23, "")) | C18: 10.17 | R18: =IF(OR(WEEKDAY(A18,2)=6,WEEKDAY(A18,2)=7),0,IFERROR(IF(VLOOKUP(A18,Feiertage!$B:$D,3,0)="ja",0,Summen!$B$9),Summen!$B$9)) -> 8.4 | S18: =SUM(C18:Q18) -> 10.17 | T18: =S18-R18 -> 1.77 | U18: =U17+T18 -> 1.77 | X18: =V18+W18*Summen!$B$44 -> 0 | Y18: 0.26388889 | Z18: 0.5 | AA18: 0.52083333 | AB18: 0.70833333 | AG18: =(Z18-Y18)+(AB18-AA18)+(AD18-AC18)+(AF18-AE18) -> 0.42361111 | AH18: =HOUR(AG18) -> 10 | AI18: =MINUTE(AG18)/60 -> 0.16666667 | AJ18: =AH18+AI18 -> 10.166667 | AL18: =SUM(C18:Q18)-AJ18 -> 0.0033333333
A19: =A18+1 -> 46189 | B19: =IFERROR(VLOOKUP(A19, Feiertage!$B:$C, 2, 0), IF(OR(WEEKDAY(A19,2)=6, WEEKDAY(A19,2)=7), Feiertage!$C$23, "")) | C19: 9.1 | R19: =IF(OR(WEEKDAY(A19,2)=6,WEEKDAY(A19,2)=7),0,IFERROR(IF(VLOOKUP(A19,Feiertage!$B:$D,3,0)="ja",0,Summen!$B$9),Summen!$B$9)) -> 8.4 | S19: =SUM(C19:Q19) -> 9.1 | T19: =S19-R19 -> 0.7 | U19: =U18+T19 -> 2.47 | X19: =V19+W19*Summen!$B$44 -> 0 | Y19: 0.34375 | Z19: 0.54166667 | AA19: 0.5625 | AB19: 0.74305556 | AG19: =(Z19-Y19)+(AB19-AA19)+(AD19-AC19)+(AF19-AE19) -> 0.37847222 | AH19: =HOUR(AG19) -> 9 | AI19: =MINUTE(AG19)/60 -> 0.083333333 | AJ19: =AH19+AI19 -> 9.0833333 | AL19: =SUM(C19:Q19)-AJ19 -> 0.016666667
A20: =A19+1 -> 46190 | B20: =IFERROR(VLOOKUP(A20, Feiertage!$B:$C, 2, 0), IF(OR(WEEKDAY(A20,2)=6, WEEKDAY(A20,2)=7), Feiertage!$C$23, "")) | C20: 9 | R20: =IF(OR(WEEKDAY(A20,2)=6,WEEKDAY(A20,2)=7),0,IFERROR(IF(VLOOKUP(A20,Feiertage!$B:$D,3,0)="ja",0,Summen!$B$9),Summen!$B$9)) -> 8.4 | S20: =SUM(C20:Q20) -> 9 | T20: =S20-R20 -> 0.6 | U20: =U19+T20 -> 3.07 | X20: =V20+W20*Summen!$B$44 -> 0 | Y20: 0.3125 | Z20: 0.5 | AA20: 0.52083333 | AB20: 0.70833333 | AG20: =(Z20-Y20)+(AB20-AA20)+(AD20-AC20)+(AF20-AE20) -> 0.375 | AH20: =HOUR(AG20) -> 9 | AI20: =MINUTE(AG20)/60 -> 0 | AJ20: =AH20+AI20 -> 9 | AL20: =SUM(C20:Q20)-AJ20 -> 0
A21: =A20+1 -> 46191 | B21: =IFERROR(VLOOKUP(A21, Feiertage!$B:$C, 2, 0), IF(OR(WEEKDAY(A21,2)=6, WEEKDAY(A21,2)=7), Feiertage!$C$23, "")) | C21: 8.5 | R21: =IF(OR(WEEKDAY(A21,2)=6,WEEKDAY(A21,2)=7),0,IFERROR(IF(VLOOKUP(A21,Feiertage!$B:$D,3,0)="ja",0,Summen!$B$9),Summen!$B$9)) -> 8.4 | S21: =SUM(C21:Q21) -> 8.5 | T21: =S21-R21 -> 0.1 | U21: =U20+T21 -> 3.17 | X21: =V21+W21*Summen!$B$44 -> 0 | Y21: 0.3125 | Z21: 0.5 | AA21: 0.52083333 | AB21: 0.6875 | AG21: =(Z21-Y21)+(AB21-AA21)+(AD21-AC21)+(AF21-AE21) -> 0.35416667 | AH21: =HOUR(AG21) -> 8 | AI21: =MINUTE(AG21)/60 -> 0.5 | AJ21: =AH21+AI21 -> 8.5 | AL21: =SUM(C21:Q21)-AJ21 -> 0
A22: =A21+1 -> 46192 | B22: =IFERROR(VLOOKUP(A22, Feiertage!$B:$C, 2, 0), IF(OR(WEEKDAY(A22,2)=6, WEEKDAY(A22,2)=7), Feiertage!$C$23, "")) | C22: 8.4 | R22: =IF(OR(WEEKDAY(A22,2)=6,WEEKDAY(A22,2)=7),0,IFERROR(IF(VLOOKUP(A22,Feiertage!$B:$D,3,0)="ja",0,Summen!$B$9),Summen!$B$9)) -> 8.4 | S22: =SUM(C22:Q22) -> 8.4 | T22: =S22-R22 -> 0 | U22: =U21+T22 -> 3.17 | X22: =V22+W22*Summen!$B$44 -> 0 | Y22: 0.26041667 | Z22: 0.47916667 | AA22: 0.5 | AB22: 0.63194444 | AG22: =(Z22-Y22)+(AB22-AA22)+(AD22-AC22)+(AF22-AE22) -> 0.35069444 | AH22: =HOUR(AG22) -> 8 | AI22: =MINUTE(AG22)/60 -> 0.41666667 | AJ22: =AH22+AI22 -> 8.4166667 | AL22: =SUM(C22:Q22)-AJ22 -> -0.016666667
A23: =A22+1 -> 46193 | B23: =IFERROR(VLOOKUP(A23, Feiertage!$B:$C, 2, 0), IF(OR(WEEKDAY(A23,2)=6, WEEKDAY(A23,2)=7), Feiertage!$C$23, "")) -> * * * * * * * * Wochenende * * * * * * * * * * * * * * * * * * * * * * * * * * * * * * * * * * * * * * * * * * * * * * * * | R23: =IF(OR(WEEKDAY(A23,2)=6,WEEKDAY(A23,2)=7),0,IFERROR(IF(VLOOKUP(A23,Feiertage!$B:$D,3,0)="ja",0,Summen!$B$9),Summen!$B$9)) -> 0 | S23: =SUM(C23:Q23) -> 0 | T23: =S23-R23 -> 0 | U23: =U22+T23 -> 3.17 | X23: =V23+W23*Summen!$B$44 -> 0 | AG23: =(Z23-Y23)+(AB23-AA23)+(AD23-AC23)+(AF23-AE23) -> 0 | AH23: =HOUR(AG23) -> 0 | AI23: =MINUTE(AG23)/60 -> 0 | AJ23: =AH23+AI23 -> 0 | AL23: =SUM(C23:Q23)-AJ23 -> 0
A24: =A23+1 -> 46194 | B24: =IFERROR(VLOOKUP(A24, Feiertage!$B:$C, 2, 0), IF(OR(WEEKDAY(A24,2)=6, WEEKDAY(A24,2)=7), Feiertage!$C$23, "")) -> * * * * * * * * Wochenende * * * * * * * * * * * * * * * * * * * * * * * * * * * * * * * * * * * * * * * * * * * * * * * * | R24: =IF(OR(WEEKDAY(A24,2)=6,WEEKDAY(A24,2)=7),0,IFERROR(IF(VLOOKUP(A24,Feiertage!$B:$D,3,0)="ja",0,Summen!$B$9),Summen!$B$9)) -> 0 | S24: =SUM(C24:Q24) -> 0 | T24: =S24-R24 -> 0 | U24: =U23+T24 -> 3.17 | X24: =V24+W24*Summen!$B$44 -> 0 | AG24: =(Z24-Y24)+(AB24-AA24)+(AD24-AC24)+(AF24-AE24) -> 0 | AH24: =HOUR(AG24) -> 0 | AI24: =MINUTE(AG24)/60 -> 0 | AJ24: =AH24+AI24 -> 0 | AL24: =SUM(C24:Q24)-AJ24 -> 0
A25: =A24+1 -> 46195 | B25: =IFERROR(VLOOKUP(A25, Feiertage!$B:$C, 2, 0), IF(OR(WEEKDAY(A25,2)=6, WEEKDAY(A25,2)=7), Feiertage!$C$23, "")) | C25: 4 | E25: 3 | R25: =IF(OR(WEEKDAY(A25,2)=6,WEEKDAY(A25,2)=7),0,IFERROR(IF(VLOOKUP(A25,Feiertage!$B:$D,3,0)="ja",0,Summen!$B$9),Summen!$B$9)) -> 8.4 | S25: =SUM(C25:Q25) -> 7 | T25: =S25-R25 -> -1.4 | U25: =U24+T25 -> 1.77 | X25: =V25+W25*Summen!$B$44 -> 0 | Y25: 0.29861111 | Z25: 0.47916667 | AA25: 0.5 | AB25: 0.61111111 | AG25: =(Z25-Y25)+(AB25-AA25)+(AD25-AC25)+(AF25-AE25) -> 0.29166667 | AH25: =HOUR(AG25) -> 7 | AI25: =MINUTE(AG25)/60 -> 0 | AJ25: =AH25+AI25 -> 7 | AL25: =SUM(C25:Q25)-AJ25 -> 0
A26: =A25+1 -> 46196 | B26: =IFERROR(VLOOKUP(A26, Feiertage!$B:$C, 2, 0), IF(OR(WEEKDAY(A26,2)=6, WEEKDAY(A26,2)=7), Feiertage!$C$23, "")) | D26: 4 | E26: 4.5 | R26: =IF(OR(WEEKDAY(A26,2)=6,WEEKDAY(A26,2)=7),0,IFERROR(IF(VLOOKUP(A26,Feiertage!$B:$D,3,0)="ja",0,Summen!$B$9),Summen!$B$9)) -> 8.4 | S26: =SUM(C26:Q26) -> 8.5 | T26: =S26-R26 -> 0.1 | U26: =U25+T26 -> 1.87 | X26: =V26+W26*Summen!$B$44 -> 0 | Y26: 0.32291667 | Z26: 0.47916667 | AA26: 0.5 | AB26: 0.69791667 | AG26: =(Z26-Y26)+(AB26-AA26)+(AD26-AC26)+(AF26-AE26) -> 0.35416667 | AH26: =HOUR(AG26) -> 8 | AI26: =MINUTE(AG26)/60 -> 0.5 | AJ26: =AH26+AI26 -> 8.5 | AL26: =SUM(C26:Q26)-AJ26 -> 0
A27: =A26+1 -> 46197 | B27: =IFERROR(VLOOKUP(A27, Feiertage!$B:$C, 2, 0), IF(OR(WEEKDAY(A27,2)=6, WEEKDAY(A27,2)=7), Feiertage!$C$23, "")) | C27: 2 | D27: 5.8 | N27: 2 | R27: =IF(OR(WEEKDAY(A27,2)=6,WEEKDAY(A27,2)=7),0,IFERROR(IF(VLOOKUP(A27,Feiertage!$B:$D,3,0)="ja",0,Summen!$B$9),Summen!$B$9)) -> 8.4 | S27: =SUM(C27:Q27) -> 9.8 | T27: =S27-R27 -> 1.4 | U27: =U26+T27 -> 3.27 | X27: =V27+W27*Summen!$B$44 -> 0 | Y27: 0.13541667 | Z27: 0.54166667 | AG27: =(Z27-Y27)+(AB27-AA27)+(AD27-AC27)+(AF27-AE27) -> 0.40625 | AH27: =HOUR(AG27) -> 9 | AI27: =MINUTE(AG27)/60 -> 0.75 | AJ27: =AH27+AI27 -> 9.75 | AL27: =SUM(C27:Q27)-AJ27 -> 0.05
A28: =A27+1 -> 46198 | B28: =IFERROR(VLOOKUP(A28, Feiertage!$B:$C, 2, 0), IF(OR(WEEKDAY(A28,2)=6, WEEKDAY(A28,2)=7), Feiertage!$C$23, "")) | D28: 7 | E28: 1.42 | R28: =IF(OR(WEEKDAY(A28,2)=6,WEEKDAY(A28,2)=7),0,IFERROR(IF(VLOOKUP(A28,Feiertage!$B:$D,3,0)="ja",0,Summen!$B$9),Summen!$B$9)) -> 8.4 | S28: =SUM(C28:Q28) -> 8.42 | T28: =S28-R28 -> 0.02 | U28: =U27+T28 -> 3.29 | X28: =V28+W28*Summen!$B$44 -> 0 | Y28: 0.32291667 | Z28: 0.5 | AA28: 0.52083333 | AB28: 0.69444444 | AG28: =(Z28-Y28)+(AB28-AA28)+(AD28-AC28)+(AF28-AE28) -> 0.35069444 | AH28: =HOUR(AG28) -> 8 | AI28: =MINUTE(AG28)/60 -> 0.41666667 | AJ28: =AH28+AI28 -> 8.4166667 | AL28: =SUM(C28:Q28)-AJ28 -> 0.0033333333
A29: =A28+1 -> 46199 | B29: =IFERROR(VLOOKUP(A29, Feiertage!$B:$C, 2, 0), IF(OR(WEEKDAY(A29,2)=6, WEEKDAY(A29,2)=7), Feiertage!$C$23, "")) | Q29: 8.4 | R29: =IF(OR(WEEKDAY(A29,2)=6,WEEKDAY(A29,2)=7),0,IFERROR(IF(VLOOKUP(A29,Feiertage!$B:$D,3,0)="ja",0,Summen!$B$9),Summen!$B$9)) -> 8.4 | S29: =SUM(C29:Q29) -> 8.4 | T29: =S29-R29 -> 0 | U29: =U28+T29 -> 3.29 | X29: =V29+W29*Summen!$B$44 -> 0 | AG29: =(Z29-Y29)+(AB29-AA29)+(AD29-AC29)+(AF29-AE29) -> 0 | AH29: =HOUR(AG29) -> 0 | AI29: =MINUTE(AG29)/60 -> 0 | AJ29: =AH29+AI29 -> 0 | AL29: =SUM(C29:Q29)-AJ29 -> 8.4
A30: =A29+1 -> 46200 | B30: =IFERROR(VLOOKUP(A30, Feiertage!$B:$C, 2, 0), IF(OR(WEEKDAY(A30,2)=6, WEEKDAY(A30,2)=7), Feiertage!$C$23, "")) -> * * * * * * * * Wochenende * * * * * * * * * * * * * * * * * * * * * * * * * * * * * * * * * * * * * * * * * * * * * * * * | R30: =IF(OR(WEEKDAY(A30,2)=6,WEEKDAY(A30,2)=7),0,IFERROR(IF(VLOOKUP(A30,Feiertage!$B:$D,3,0)="ja",0,Summen!$B$9),Summen!$B$9)) -> 0 | S30: =SUM(C30:Q30) -> 0 | T30: =S30-R30 -> 0 | U30: =U29+T30 -> 3.29 | X30: =V30+W30*Summen!$B$44 -> 0 | AG30: =(Z30-Y30)+(AB30-AA30)+(AD30-AC30)+(AF30-AE30) -> 0 | AH30: =HOUR(AG30) -> 0 | AI30: =MINUTE(AG30)/60 -> 0 | AJ30: =AH30+AI30 -> 0 | AL30: =SUM(C30:Q30)-AJ30 -> 0
A31: =A30+1 -> 46201 | B31: =IFERROR(VLOOKUP(A31, Feiertage!$B:$C, 2, 0), IF(OR(WEEKDAY(A31,2)=6, WEEKDAY(A31,2)=7), Feiertage!$C$23, "")) -> * * * * * * * * Wochenende * * * * * * * * * * * * * * * * * * * * * * * * * * * * * * * * * * * * * * * * * * * * * * * * | R31: =IF(OR(WEEKDAY(A31,2)=6,WEEKDAY(A31,2)=7),0,IFERROR(IF(VLOOKUP(A31,Feiertage!$B:$D,3,0)="ja",0,Summen!$B$9),Summen!$B$9)) -> 0 | S31: =SUM(C31:Q31) -> 0 | T31: =S31-R31 -> 0 | U31: =U30+T31 -> 3.29 | X31: =V31+W31*Summen!$B$44 -> 0 | AG31: =(Z31-Y31)+(AB31-AA31)+(AD31-AC31)+(AF31-AE31) -> 0 | AH31: =HOUR(AG31) -> 0 | AI31: =MINUTE(AG31)/60 -> 0 | AJ31: =AH31+AI31 -> 0 | AL31: =SUM(C31:Q31)-AJ31 -> 0
A32: =A31+1 -> 46202 | B32: =IFERROR(VLOOKUP(A32, Feiertage!$B:$C, 2, 0), IF(OR(WEEKDAY(A32,2)=6, WEEKDAY(A32,2)=7), Feiertage!$C$23, "")) | D32: 7.75 | R32: =IF(OR(WEEKDAY(A32,2)=6,WEEKDAY(A32,2)=7),0,IFERROR(IF(VLOOKUP(A32,Feiertage!$B:$D,3,0)="ja",0,Summen!$B$9),Summen!$B$9)) -> 8.4 | S32: =SUM(C32:Q32) -> 7.75 | T32: =S32-R32 -> -0.65 | U32: =U31+T32 -> 2.64 | X32: =V32+W32*Summen!$B$44 -> 0 | Y32: 0.28125 | Z32: 0.5 | AA32: 0.52083333 | AB32: 0.625 | AG32: =(Z32-Y32)+(AB32-AA32)+(AD32-AC32)+(AF32-AE32) -> 0.32291667 | AH32: =HOUR(AG32) -> 7 | AI32: =MINUTE(AG32)/60 -> 0.75 | AJ32: =AH32+AI32 -> 7.75 | AL32: =SUM(C32:Q32)-AJ32 -> 0
A33: =A32+1 -> 46203 | B33: =IFERROR(VLOOKUP(A33, Feiertage!$B:$C, 2, 0), IF(OR(WEEKDAY(A33,2)=6, WEEKDAY(A33,2)=7), Feiertage!$C$23, "")) | D33: 8.25 | R33: =IF(OR(WEEKDAY(A33,2)=6,WEEKDAY(A33,2)=7),0,IFERROR(IF(VLOOKUP(A33,Feiertage!$B:$D,3,0)="ja",0,Summen!$B$9),Summen!$B$9)) -> 8.4 | S33: =SUM(C33:Q33) -> 8.25 | T33: =S33-R33 -> -0.15 | U33: =U32+T33 -> 2.49 | X33: =V33+W33*Summen!$B$44 -> 0 | Y33: 0.25 | Z33: 0.5 | AA33: 0.52083333 | AB33: 0.61458333 | AG33: =(Z33-Y33)+(AB33-AA33)+(AD33-AC33)+(AF33-AE33) -> 0.34375 | AH33: =HOUR(AG33) -> 8 | AI33: =MINUTE(AG33)/60 -> 0.25 | AJ33: =AH33+AI33 -> 8.25 | AL33: =SUM(C33:Q33)-AJ33 -> 0
A34: Total | C34: =SUM(C4:C33) -> 51.17 | D34: =SUM(D4:D33) -> 32.8 | E34: =SUM(E4:E33) -> 8.92 | F34: =SUM(F4:F33) -> 0 | G34: =SUM(G4:G33) -> 0 | H34: =SUM(H4:H33) -> 0 | I34: =SUM(I4:I33) -> 0 | J34: =SUM(J4:J33) -> 0 | ... T34: =SUM(T4:T33) -> 2.49 | U34: =U33 -> 2.49 | V34: =SUM(V4:V33) -> 0 | W34: =SUM(W4:W33)*Summen!$B$44 -> 0 | X34: =V34+W34 -> 0 | AJ34: =SUM(AJ4:AJ33) -> 94.833333 | AL34: =SUM(C34:Q34)-AJ34 -> 8.4566667

Sheet Jul
A1: =Summen!B1 -> Alta Engineering AG | F1: Monatsblatt | H1: Name: | J1: =Summen!B3 -> Michael Küng | N1: Monat: | P1: =Jun!P1+30 -> 46204 | S1: Anstellung : | U1: =Summen!B5 -> 1 | W1: Blatt Nr. | X1: =Jun!X1+1 -> 7
C2: Ferien: | E2: =Summen!B18 -> 10.8 | F2: Bezogen: | H2: =Jun!H2+(Jun!Q34/Summen!B9) -> 1 | I2: Rest: | J2: =E2-H2 -> 9.8 | T2: Stundenübertrag Vormonat : | U2: =Jun!U34 -> 2.49 | V2: Spesen
A3: Projekte | C3: Avesco | D3: Unproduktiv | E3: Web Projekte | F3: Villiger | L3: krank | M3: Reisezeit | N3: CAD | O3: Ausbildung | P3: Büro | Q3: Ferien | R3: Soll | S3: Ist | T3: +/- | U3: Stand | V3: Fr. | W3: Km | X3: Summe | Y3: Start [hh:mm] | Z3: Stop [hh:mm] | AA3: Start [hh:mm] | AB3: Stop [hh:mm] | AC3: Start [hh:mm] | AD3: Stop [hh:mm] | AE3: Start [hh:mm] | AF3: Stop [hh:mm] | AG3: Ist-Zeit [hh:mm] | AH3: Ist-Zeit [hh] | AI3: Ist-Zeit [.hh] | AJ3: Ist-Zeit [h.h] | AL3: Aufteilung - Istzeit
A4: =P1 -> 46204 | B4: =IFERROR(VLOOKUP(A4, Feiertage!$B:$C, 2, 0), IF(OR(WEEKDAY(A4,2)=6, WEEKDAY(A4,2)=7), Feiertage!$C$23, "")) | C4: 7.75 | R4: =IF(OR(WEEKDAY(A4,2)=6,WEEKDAY(A4,2)=7),0,IFERROR(IF(VLOOKUP(A4,Feiertage!$B:$D,3,0)="ja",0,Summen!$B$9),Summen!$B$9)) -> 8.4 | S4: =SUM(C4:Q4) -> 7.75 | T4: =S4-R4 -> -0.65 | U4: =U2+T4 -> 1.84 | X4: =V4+W4*Summen!$B$44 -> 0 | Y4: 0.28125 | Z4: 0.60416667 | AG4: =(Z4-Y4)+(AB4-AA4)+(AD4-AC4)+(AF4-AE4) -> 0.32291667 | AH4: =HOUR(AG4) -> 7 | AI4: =MINUTE(AG4)/60 -> 0.75 | AJ4: =AH4+AI4 -> 7.75 | AL4: =SUM(C4:Q4)-AJ4 -> 0
A5: =A4+1 -> 46205 | B5: =IFERROR(VLOOKUP(A5, Feiertage!$B:$C, 2, 0), IF(OR(WEEKDAY(A5,2)=6, WEEKDAY(A5,2)=7), Feiertage!$C$23, "")) | C5: 6 | D5: 0.5 | E5: 1.3 | R5: =IF(OR(WEEKDAY(A5,2)=6,WEEKDAY(A5,2)=7),0,IFERROR(IF(VLOOKUP(A5,Feiertage!$B:$D,3,0)="ja",0,Summen!$B$9),Summen!$B$9)) -> 8.4 | S5: =SUM(C5:Q5) -> 7.8 | T5: =S5-R5 -> -0.6 | U5: =U4+T5 -> 1.24 | X5: =V5+W5*Summen!$B$44 -> 0 | Y5: 0.33333333 | Z5: 0.65972222 | AG5: =(Z5-Y5)+(AB5-AA5)+(AD5-AC5)+(AF5-AE5) -> 0.32638889 | AH5: =HOUR(AG5) -> 7 | AI5: =MINUTE(AG5)/60 -> 0.83333333 | AJ5: =AH5+AI5 -> 7.8333333 | AL5: =SUM(C5:Q5)-AJ5 -> -0.033333333
A6: =A5+1 -> 46206 | B6: =IFERROR(VLOOKUP(A6, Feiertage!$B:$C, 2, 0), IF(OR(WEEKDAY(A6,2)=6, WEEKDAY(A6,2)=7), Feiertage!$C$23, "")) | E6: 7 | R6: =IF(OR(WEEKDAY(A6,2)=6,WEEKDAY(A6,2)=7),0,IFERROR(IF(VLOOKUP(A6,Feiertage!$B:$D,3,0)="ja",0,Summen!$B$9),Summen!$B$9)) -> 8.4 | S6: =SUM(C6:Q6) -> 7 | T6: =S6-R6 -> -1.4 | U6: =U5+T6 -> -0.16 | X6: =V6+W6*Summen!$B$44 -> 0 | Y6: 0.29166667 | Z6: 0.47916667 | AA6: 0.48958333 | AB6: 0.59375 | AG6: =(Z6-Y6)+(AB6-AA6)+(AD6-AC6)+(AF6-AE6) -> 0.29166667 | AH6: =HOUR(AG6) -> 7 | AI6: =MINUTE(AG6)/60 -> 0 | AJ6: =AH6+AI6 -> 7 | AL6: =SUM(C6:Q6)-AJ6 -> 0
A7: =A6+1 -> 46207 | B7: =IFERROR(VLOOKUP(A7, Feiertage!$B:$C, 2, 0), IF(OR(WEEKDAY(A7,2)=6, WEEKDAY(A7,2)=7), Feiertage!$C$23, "")) -> * * * * * * * * Wochenende * * * * * * * * * * * * * * * * * * * * * * * * * * * * * * * * * * * * * * * * * * * * * * * * | R7: =IF(OR(WEEKDAY(A7,2)=6,WEEKDAY(A7,2)=7),0,IFERROR(IF(VLOOKUP(A7,Feiertage!$B:$D,3,0)="ja",0,Summen!$B$9),Summen!$B$9)) -> 0 | S7: =SUM(C7:Q7) -> 0 | T7: =S7-R7 -> 0 | U7: =U6+T7 -> -0.16 | X7: =V7+W7*Summen!$B$44 -> 0 | AG7: =(Z7-Y7)+(AB7-AA7)+(AD7-AC7)+(AF7-AE7) -> 0 | AH7: =HOUR(AG7) -> 0 | AI7: =MINUTE(AG7)/60 -> 0 | AJ7: =AH7+AI7 -> 0 | AL7: =SUM(C7:Q7)-AJ7 -> 0
A8: =A7+1 -> 46208 | B8: =IFERROR(VLOOKUP(A8, Feiertage!$B:$C, 2, 0), IF(OR(WEEKDAY(A8,2)=6, WEEKDAY(A8,2)=7), Feiertage!$C$23, "")) -> * * * * * * * * Wochenende * * * * * * * * * * * * * * * * * * * * * * * * * * * * * * * * * * * * * * * * * * * * * * * * | R8: =IF(OR(WEEKDAY(A8,2)=6,WEEKDAY(A8,2)=7),0,IFERROR(IF(VLOOKUP(A8,Feiertage!$B:$D,3,0)="ja",0,Summen!$B$9),Summen!$B$9)) -> 0 | S8: =SUM(C8:Q8) -> 0 | T8: =S8-R8 -> 0 | U8: =U7+T8 -> -0.16 | X8: =V8+W8*Summen!$B$44 -> 0 | AG8: =(Z8-Y8)+(AB8-AA8)+(AD8-AC8)+(AF8-AE8) -> 0 | AH8: =HOUR(AG8) -> 0 | AI8: =MINUTE(AG8)/60 -> 0 | AJ8: =AH8+AI8 -> 0 | AL8: =SUM(C8:Q8)-AJ8 -> 0
A9: =A8+1 -> 46209 | B9: =IFERROR(VLOOKUP(A9, Feiertage!$B:$C, 2, 0), IF(OR(WEEKDAY(A9,2)=6, WEEKDAY(A9,2)=7), Feiertage!$C$23, "")) | C9: 1 | E9: 7.4 | R9: =IF(OR(WEEKDAY(A9,2)=6,WEEKDAY(A9,2)=7),0,IFERROR(IF(VLOOKUP(A9,Feiertage!$B:$D,3,0)="ja",0,Summen!$B$9),Summen!$B$9)) -> 8.4 | S9: =SUM(C9:Q9) -> 8.4 | T9: =S9-R9 -> 0 | U9: =U8+T9 -> -0.16 | X9: =V9+W9*Summen!$B$44 -> 0 | Y9: 0.34027778 | Z9: 0.47916667 | AA9: 0.49652778 | AB9: 0.70833333 | AG9: =(Z9-Y9)+(AB9-AA9)+(AD9-AC9)+(AF9-AE9) -> 0.35069444 | AH9: =HOUR(AG9) -> 8 | AI9: =MINUTE(AG9)/60 -> 0.41666667 | AJ9: =AH9+AI9 -> 8.4166667 | AL9: =SUM(C9:Q9)-AJ9 -> -0.016666667
A10: =A9+1 -> 46210 | B10: =IFERROR(VLOOKUP(A10, Feiertage!$B:$C, 2, 0), IF(OR(WEEKDAY(A10,2)=6, WEEKDAY(A10,2)=7), Feiertage!$C$23, "")) | L10: 8.4 | R10: =IF(OR(WEEKDAY(A10,2)=6,WEEKDAY(A10,2)=7),0,IFERROR(IF(VLOOKUP(A10,Feiertage!$B:$D,3,0)="ja",0,Summen!$B$9),Summen!$B$9)) -> 8.4 | S10: =SUM(C10:Q10) -> 8.4 | T10: =S10-R10 -> 0 | U10: =U9+T10 -> -0.16 | X10: =V10+W10*Summen!$B$44 -> 0 | AG10: =(Z10-Y10)+(AB10-AA10)+(AD10-AC10)+(AF10-AE10) -> 0 | AH10: =HOUR(AG10) -> 0 | AI10: =MINUTE(AG10)/60 -> 0 | AJ10: =AH10+AI10 -> 0 | AL10: =SUM(C10:Q10)-AJ10 -> 8.4
A11: =A10+1 -> 46211 | B11: =IFERROR(VLOOKUP(A11, Feiertage!$B:$C, 2, 0), IF(OR(WEEKDAY(A11,2)=6, WEEKDAY(A11,2)=7), Feiertage!$C$23, "")) | C11: 0.5 | E11: 8 | R11: =IF(OR(WEEKDAY(A11,2)=6,WEEKDAY(A11,2)=7),0,IFERROR(IF(VLOOKUP(A11,Feiertage!$B:$D,3,0)="ja",0,Summen!$B$9),Summen!$B$9)) -> 8.4 | S11: =SUM(C11:Q11) -> 8.5 | T11: =S11-R11 -> 0.1 | U11: =U10+T11 -> -0.06 | X11: =V11+W11*Summen!$B$44 -> 0 | Y11: 0.32291667 | Z11: 0.5 | AA11: 0.51041667 | AB11: 0.6875 | AG11: =(Z11-Y11)+(AB11-AA11)+(AD11-AC11)+(AF11-AE11) -> 0.35416667 | AH11: =HOUR(AG11) -> 8 | AI11: =MINUTE(AG11)/60 -> 0.5 | AJ11: =AH11+AI11 -> 8.5 | AL11: =SUM(C11:Q11)-AJ11 -> 0
A12: =A11+1 -> 46212 | B12: =IFERROR(VLOOKUP(A12, Feiertage!$B:$C, 2, 0), IF(OR(WEEKDAY(A12,2)=6, WEEKDAY(A12,2)=7), Feiertage!$C$23, "")) | C12: 2.25 | E12: 5 | R12: =IF(OR(WEEKDAY(A12,2)=6,WEEKDAY(A12,2)=7),0,IFERROR(IF(VLOOKUP(A12,Feiertage!$B:$D,3,0)="ja",0,Summen!$B$9),Summen!$B$9)) -> 8.4 | S12: =SUM(C12:Q12) -> 7.25 | T12: =S12-R12 -> -1.15 | U12: =U11+T12 -> -1.21 | X12: =V12+W12*Summen!$B$44 -> 0 | Y12: 0.33333333 | Z12: 0.5 | AA12: 0.51041667 | AB12: 0.64583333 | AG12: =(Z12-Y12)+(AB12-AA12)+(AD12-AC12)+(AF12-AE12) -> 0.30208333 | AH12: =HOUR(AG12) -> 7 | AI12: =MINUTE(AG12)/60 -> 0.25 | AJ12: =AH12+AI12 -> 7.25 | AL12: =SUM(C12:Q12)-AJ12 -> 0
A13: =A12+1 -> 46213 | B13: =IFERROR(VLOOKUP(A13, Feiertage!$B:$C, 2, 0), IF(OR(WEEKDAY(A13,2)=6, WEEKDAY(A13,2)=7), Feiertage!$C$23, "")) | D13: 4 | E13: 5.5 | R13: =IF(OR(WEEKDAY(A13,2)=6,WEEKDAY(A13,2)=7),0,IFERROR(IF(VLOOKUP(A13,Feiertage!$B:$D,3,0)="ja",0,Summen!$B$9),Summen!$B$9)) -> 8.4 | S13: =SUM(C13:Q13) -> 9.5 | T13: =S13-R13 -> 1.1 | U13: =U12+T13 -> -0.11 | X13: =V13+W13*Summen!$B$44 -> 0 | Y13: 0.29166667 | Z13: 0.5 | AA13: 0.52083333 | AB13: 0.58333333 | AC13: 0.79166667 | AD13: 0.91666667 | AG13: =(Z13-Y13)+(AB13-AA13)+(AD13-AC13)+(AF13-AE13) -> 0.39583333 | AH13: =HOUR(AG13) -> 9 | AI13: =MINUTE(AG13)/60 -> 0.5 | AJ13: =AH13+AI13 -> 9.5 | AL13: =SUM(C13:Q13)-AJ13 -> 0
A14: =A13+1 -> 46214 | B14: =IFERROR(VLOOKUP(A14, Feiertage!$B:$C, 2, 0), IF(OR(WEEKDAY(A14,2)=6, WEEKDAY(A14,2)=7), Feiertage!$C$23, "")) -> * * * * * * * * Wochenende * * * * * * * * * * * * * * * * * * * * * * * * * * * * * * * * * * * * * * * * * * * * * * * * | R14: =IF(OR(WEEKDAY(A14,2)=6,WEEKDAY(A14,2)=7),0,IFERROR(IF(VLOOKUP(A14,Feiertage!$B:$D,3,0)="ja",0,Summen!$B$9),Summen!$B$9)) -> 0 | S14: =SUM(C14:Q14) -> 0 | T14: =S14-R14 -> 0 | U14: =U13+T14 -> -0.11 | X14: =V14+W14*Summen!$B$44 -> 0 | AG14: =(Z14-Y14)+(AB14-AA14)+(AD14-AC14)+(AF14-AE14) -> 0 | AH14: =HOUR(AG14) -> 0 | AI14: =MINUTE(AG14)/60 -> 0 | AJ14: =AH14+AI14 -> 0 | AL14: =SUM(C14:Q14)-AJ14 -> 0
A15: =A14+1 -> 46215 | B15: =IFERROR(VLOOKUP(A15, Feiertage!$B:$C, 2, 0), IF(OR(WEEKDAY(A15,2)=6, WEEKDAY(A15,2)=7), Feiertage!$C$23, "")) -> * * * * * * * * Wochenende * * * * * * * * * * * * * * * * * * * * * * * * * * * * * * * * * * * * * * * * * * * * * * * * | R15: =IF(OR(WEEKDAY(A15,2)=6,WEEKDAY(A15,2)=7),0,IFERROR(IF(VLOOKUP(A15,Feiertage!$B:$D,3,0)="ja",0,Summen!$B$9),Summen!$B$9)) -> 0 | S15: =SUM(C15:Q15) -> 0 | T15: =S15-R15 -> 0 | U15: =U14+T15 -> -0.11 | X15: =V15+W15*Summen!$B$44 -> 0 | AG15: =(Z15-Y15)+(AB15-AA15)+(AD15-AC15)+(AF15-AE15) -> 0 | AH15: =HOUR(AG15) -> 0 | AI15: =MINUTE(AG15)/60 -> 0 | AJ15: =AH15+AI15 -> 0 | AL15: =SUM(C15:Q15)-AJ15 -> 0
A16: =A15+1 -> 46216 | B16: =IFERROR(VLOOKUP(A16, Feiertage!$B:$C, 2, 0), IF(OR(WEEKDAY(A16,2)=6, WEEKDAY(A16,2)=7), Feiertage!$C$23, "")) | C16: 5.2 | D16: 2 | E16: 3 | R16: =IF(OR(WEEKDAY(A16,2)=6,WEEKDAY(A16,2)=7),0,IFERROR(IF(VLOOKUP(A16,Feiertage!$B:$D,3,0)="ja",0,Summen!$B$9),Summen!$B$9)) -> 8.4 | S16: =SUM(C16:Q16) -> 10.2 | T16: =S16-R16 -> 1.8 | U16: =U15+T16 -> 1.69 | X16: =V16+W16*Summen!$B$44 -> 0 | Y16: 0.29166667 | Z16: 0.5 | AA16: 0.51388889 | AB16: 0.66666667 | AC16: 0.79166667 | AD16: 0.85416667 | AG16: =(Z16-Y16)+(AB16-AA16)+(AD16-AC16)+(AF16-AE16) -> 0.42361111 | AH16: =HOUR(AG16) -> 10 | AI16: =MINUTE(AG16)/60 -> 0.16666667 | AJ16: =AH16+AI16 -> 10.166667 | AL16: =SUM(C16:Q16)-AJ16 -> 0.033333333
A17: =A16+1 -> 46217 | B17: =IFERROR(VLOOKUP(A17, Feiertage!$B:$C, 2, 0), IF(OR(WEEKDAY(A17,2)=6, WEEKDAY(A17,2)=7), Feiertage!$C$23, "")) | C17: 3.5 | E17: 7.2 | R17: =IF(OR(WEEKDAY(A17,2)=6,WEEKDAY(A17,2)=7),0,IFERROR(IF(VLOOKUP(A17,Feiertage!$B:$D,3,0)="ja",0,Summen!$B$9),Summen!$B$9)) -> 8.4 | S17: =SUM(C17:Q17) -> 10.7 | T17: =S17-R17 -> 2.3 | U17: =U16+T17 -> 3.99 | X17: =V17+W17*Summen!$B$44 -> 0 | Y17: 0.29166667 | Z17: 0.5 | AA17: 0.51388889 | AB17: 0.75 | AG17: =(Z17-Y17)+(AB17-AA17)+(AD17-AC17)+(AF17-AE17) -> 0.44444444 | AH17: =HOUR(AG17) -> 10 | AI17: =MINUTE(AG17)/60 -> 0.66666667 | AJ17: =AH17+AI17 -> 10.666667 | AL17: =SUM(C17:Q17)-AJ17 -> 0.033333333
A18: =A17+1 -> 46218 | B18: =IFERROR(VLOOKUP(A18, Feiertage!$B:$C, 2, 0), IF(OR(WEEKDAY(A18,2)=6, WEEKDAY(A18,2)=7), Feiertage!$C$23, "")) | C18: 3 | E18: 5.5 | R18: =IF(OR(WEEKDAY(A18,2)=6,WEEKDAY(A18,2)=7),0,IFERROR(IF(VLOOKUP(A18,Feiertage!$B:$D,3,0)="ja",0,Summen!$B$9),Summen!$B$9)) -> 8.4 | S18: =SUM(C18:Q18) -> 8.5 | T18: =S18-R18 -> 0.1 | U18: =U17+T18 -> 4.09 | X18: =V18+W18*Summen!$B$44 -> 0 | Y18: 0.29166667 | Z18: 0.5 | AA18: 0.52083333 | AB18: 0.66666667 | AG18: =(Z18-Y18)+(AB18-AA18)+(AD18-AC18)+(AF18-AE18) -> 0.35416667 | AH18: =HOUR(AG18) -> 8 | AI18: =MINUTE(AG18)/60 -> 0.5 | AJ18: =AH18+AI18 -> 8.5 | AL18: =SUM(C18:Q18)-AJ18 -> 0
A19: =A18+1 -> 46219 | B19: =IFERROR(VLOOKUP(A19, Feiertage!$B:$C, 2, 0), IF(OR(WEEKDAY(A19,2)=6, WEEKDAY(A19,2)=7), Feiertage!$C$23, "")) | F19: 7.3 | R19: =IF(OR(WEEKDAY(A19,2)=6,WEEKDAY(A19,2)=7),0,IFERROR(IF(VLOOKUP(A19,Feiertage!$B:$D,3,0)="ja",0,Summen!$B$9),Summen!$B$9)) -> 8.4 | S19: =SUM(C19:Q19) -> 7.3 | T19: =S19-R19 -> -1.1 | U19: =U18+T19 -> 2.99 | X19: =V19+W19*Summen!$B$44 -> 0 | Y19: 0.32291667 | Z19: 0.47916667 | AA19: 0.49305556 | AB19: 0.64236111 | AG19: =(Z19-Y19)+(AB19-AA19)+(AD19-AC19)+(AF19-AE19) -> 0.30555556 | AH19: =HOUR(AG19) -> 7 | AI19: =MINUTE(AG19)/60 -> 0.33333333 | AJ19: =AH19+AI19 -> 7.3333333 | AL19: =SUM(C19:Q19)-AJ19 -> -0.033333333
A20: =A19+1 -> 46220 | B20: =IFERROR(VLOOKUP(A20, Feiertage!$B:$C, 2, 0), IF(OR(WEEKDAY(A20,2)=6, WEEKDAY(A20,2)=7), Feiertage!$C$23, "")) | F20: 5.75 | R20: =IF(OR(WEEKDAY(A20,2)=6,WEEKDAY(A20,2)=7),0,IFERROR(IF(VLOOKUP(A20,Feiertage!$B:$D,3,0)="ja",0,Summen!$B$9),Summen!$B$9)) -> 8.4 | S20: =SUM(C20:Q20) -> 5.75 | T20: =S20-R20 -> -2.65 | U20: =U19+T20 -> 0.34 | X20: =V20+W20*Summen!$B$44 -> 0 | Y20: 0.27083333 | Z20: 0.47916667 | AA20: 0.48958333 | AB20: 0.52083333 | AG20: =(Z20-Y20)+(AB20-AA20)+(AD20-AC20)+(AF20-AE20) -> 0.23958333 | AH20: =HOUR(AG20) -> 5 | AI20: =MINUTE(AG20)/60 -> 0.75 | AJ20: =AH20+AI20 -> 5.75 | AL20: =SUM(C20:Q20)-AJ20 -> 0
A21: =A20+1 -> 46221 | B21: =IFERROR(VLOOKUP(A21, Feiertage!$B:$C, 2, 0), IF(OR(WEEKDAY(A21,2)=6, WEEKDAY(A21,2)=7), Feiertage!$C$23, "")) -> * * * * * * * * Wochenende * * * * * * * * * * * * * * * * * * * * * * * * * * * * * * * * * * * * * * * * * * * * * * * * | R21: =IF(OR(WEEKDAY(A21,2)=6,WEEKDAY(A21,2)=7),0,IFERROR(IF(VLOOKUP(A21,Feiertage!$B:$D,3,0)="ja",0,Summen!$B$9),Summen!$B$9)) -> 0 | S21: =SUM(C21:Q21) -> 0 | T21: =S21-R21 -> 0 | U21: =U20+T21 -> 0.34 | X21: =V21+W21*Summen!$B$44 -> 0 | AG21: =(Z21-Y21)+(AB21-AA21)+(AD21-AC21)+(AF21-AE21) -> 0 | AH21: =HOUR(AG21) -> 0 | AI21: =MINUTE(AG21)/60 -> 0 | AJ21: =AH21+AI21 -> 0 | AL21: =SUM(C21:Q21)-AJ21 -> 0
A22: =A21+1 -> 46222 | B22: =IFERROR(VLOOKUP(A22, Feiertage!$B:$C, 2, 0), IF(OR(WEEKDAY(A22,2)=6, WEEKDAY(A22,2)=7), Feiertage!$C$23, "")) -> * * * * * * * * Wochenende * * * * * * * * * * * * * * * * * * * * * * * * * * * * * * * * * * * * * * * * * * * * * * * * | R22: =IF(OR(WEEKDAY(A22,2)=6,WEEKDAY(A22,2)=7),0,IFERROR(IF(VLOOKUP(A22,Feiertage!$B:$D,3,0)="ja",0,Summen!$B$9),Summen!$B$9)) -> 0 | S22: =SUM(C22:Q22) -> 0 | T22: =S22-R22 -> 0 | U22: =U21+T22 -> 0.34 | X22: =V22+W22*Summen!$B$44 -> 0 | AG22: =(Z22-Y22)+(AB22-AA22)+(AD22-AC22)+(AF22-AE22) -> 0 | AH22: =HOUR(AG22) -> 0 | AI22: =MINUTE(AG22)/60 -> 0 | AJ22: =AH22+AI22 -> 0 | AL22: =SUM(C22:Q22)-AJ22 -> 0
A23: =A22+1 -> 46223 | B23: =IFERROR(VLOOKUP(A23, Feiertage!$B:$C, 2, 0), IF(OR(WEEKDAY(A23,2)=6, WEEKDAY(A23,2)=7), Feiertage!$C$23, "")) | F23: 8.75 | R23: =IF(OR(WEEKDAY(A23,2)=6,WEEKDAY(A23,2)=7),0,IFERROR(IF(VLOOKUP(A23,Feiertage!$B:$D,3,0)="ja",0,Summen!$B$9),Summen!$B$9)) -> 8.4 | S23: =SUM(C23:Q23) -> 8.75 | T23: =S23-R23 -> 0.35 | U23: =U22+T23 -> 0.69 | X23: =V23+W23*Summen!$B$44 -> 0 | Y23: 0.28125 | Z23: 0.48611111 | AA23: 0.49305556 | AB23: 0.65277778 | AG23: =(Z23-Y23)+(AB23-AA23)+(AD23-AC23)+(AF23-AE23) -> 0.36458333 | AH23: =HOUR(AG23) -> 8 | AI23: =MINUTE(AG23)/60 -> 0.75 | AJ23: =AH23+AI23 -> 8.75 | AL23: =SUM(C23:Q23)-AJ23 -> 0
A24: =A23+1 -> 46224 | B24: =IFERROR(VLOOKUP(A24, Feiertage!$B:$C, 2, 0), IF(OR(WEEKDAY(A24,2)=6, WEEKDAY(A24,2)=7), Feiertage!$C$23, "")) | F24: 9.25 | R24: =IF(OR(WEEKDAY(A24,2)=6,WEEKDAY(A24,2)=7),0,IFERROR(IF(VLOOKUP(A24,Feiertage!$B:$D,3,0)="ja",0,Summen!$B$9),Summen!$B$9)) -> 8.4 | S24: =SUM(C24:Q24) -> 9.25 | T24: =S24-R24 -> 0.85 | U24: =U23+T24 -> 1.54 | X24: =V24+W24*Summen!$B$44 -> 0 | Y24: 0.3125 | Z24: 0.48263889 | AA24: 0.49305556 | AB24: 0.70833333 | AG24: =(Z24-Y24)+(AB24-AA24)+(AD24-AC24)+(AF24-AE24) -> 0.38541667 | AH24: =HOUR(AG24) -> 9 | AI24: =MINUTE(AG24)/60 -> 0.25 | AJ24: =AH24+AI24 -> 9.25 | AL24: =SUM(C24:Q24)-AJ24 -> 0
A25: =A24+1 -> 46225 | B25: =IFERROR(VLOOKUP(A25, Feiertage!$B:$C, 2, 0), IF(OR(WEEKDAY(A25,2)=6, WEEKDAY(A25,2)=7), Feiertage!$C$23, "")) | F25: 6.6 | R25: =IF(OR(WEEKDAY(A25,2)=6,WEEKDAY(A25,2)=7),0,IFERROR(IF(VLOOKUP(A25,Feiertage!$B:$D,3,0)="ja",0,Summen!$B$9),Summen!$B$9)) -> 8.4 | S25: =SUM(C25:Q25) -> 6.6 | T25: =S25-R25 -> -1.8 | U25: =U24+T25 -> -0.26 | X25: =V25+W25*Summen!$B$44 -> 0 | Y25: 0.34027778 | Z25: 0.47916667 | AA25: 0.49305556 | AB25: 0.62847222 | AG25: =(Z25-Y25)+(AB25-AA25)+(AD25-AC25)+(AF25-AE25) -> 0.27430556 | AH25: =HOUR(AG25) -> 6 | AI25: =MINUTE(AG25)/60 -> 0.58333333 | AJ25: =AH25+AI25 -> 6.5833333 | AL25: =SUM(C25:Q25)-AJ25 -> 0.016666667
A26: =A25+1 -> 46226 | B26: =IFERROR(VLOOKUP(A26, Feiertage!$B:$C, 2, 0), IF(OR(WEEKDAY(A26,2)=6, WEEKDAY(A26,2)=7), Feiertage!$C$23, "")) | F26: 8.8 | R26: =IF(OR(WEEKDAY(A26,2)=6,WEEKDAY(A26,2)=7),0,IFERROR(IF(VLOOKUP(A26,Feiertage!$B:$D,3,0)="ja",0,Summen!$B$9),Summen!$B$9)) -> 8.4 | S26: =SUM(C26:Q26) -> 8.8 | T26: =S26-R26 -> 0.4 | U26: =U25+T26 -> 0.14 | X26: =V26+W26*Summen!$B$44 -> 0 | Y26: 0.30208333 | Z26: 0.38194444 | AA26: 0.38888889 | AB26: 0.67708333 | AG26: =(Z26-Y26)+(AB26-AA26)+(AD26-AC26)+(AF26-AE26) -> 0.36805556 | AH26: =HOUR(AG26) -> 8 | AI26: =MINUTE(AG26)/60 -> 0.83333333 | AJ26: =AH26+AI26 -> 8.8333333 | AL26: =SUM(C26:Q26)-AJ26 -> -0.033333333
A27: =A26+1 -> 46227 | B27: =IFERROR(VLOOKUP(A27, Feiertage!$B:$C, 2, 0), IF(OR(WEEKDAY(A27,2)=6, WEEKDAY(A27,2)=7), Feiertage!$C$23, "")) | F27: 6.7 | R27: =IF(OR(WEEKDAY(A27,2)=6,WEEKDAY(A27,2)=7),0,IFERROR(IF(VLOOKUP(A27,Feiertage!$B:$D,3,0)="ja",0,Summen!$B$9),Summen!$B$9)) -> 8.4 | S27: =SUM(C27:Q27) -> 6.7 | T27: =S27-R27 -> -1.7 | U27: =U26+T27 -> -1.56 | X27: =V27+W27*Summen!$B$44 -> 0 | Y27: 0.34722222 | Z27: 0.625 | AG27: =(Z27-Y27)+(AB27-AA27)+(AD27-AC27)+(AF27-AE27) -> 0.27777778 | AH27: =HOUR(AG27) -> 6 | AI27: =MINUTE(AG27)/60 -> 0.66666667 | AJ27: =AH27+AI27 -> 6.6666667 | AL27: =SUM(C27:Q27)-AJ27 -> 0.033333333
A28: =A27+1 -> 46228 | B28: =IFERROR(VLOOKUP(A28, Feiertage!$B:$C, 2, 0), IF(OR(WEEKDAY(A28,2)=6, WEEKDAY(A28,2)=7), Feiertage!$C$23, "")) -> * * * * * * * * Wochenende * * * * * * * * * * * * * * * * * * * * * * * * * * * * * * * * * * * * * * * * * * * * * * * * | R28: =IF(OR(WEEKDAY(A28,2)=6,WEEKDAY(A28,2)=7),0,IFERROR(IF(VLOOKUP(A28,Feiertage!$B:$D,3,0)="ja",0,Summen!$B$9),Summen!$B$9)) -> 0 | S28: =SUM(C28:Q28) -> 0 | T28: =S28-R28 -> 0 | U28: =U27+T28 -> -1.56 | X28: =V28+W28*Summen!$B$44 -> 0 | AG28: =(Z28-Y28)+(AB28-AA28)+(AD28-AC28)+(AF28-AE28) -> 0 | AH28: =HOUR(AG28) -> 0 | AI28: =MINUTE(AG28)/60 -> 0 | AJ28: =AH28+AI28 -> 0 | AL28: =SUM(C28:Q28)-AJ28 -> 0
A29: =A28+1 -> 46229 | B29: =IFERROR(VLOOKUP(A29, Feiertage!$B:$C, 2, 0), IF(OR(WEEKDAY(A29,2)=6, WEEKDAY(A29,2)=7), Feiertage!$C$23, "")) -> * * * * * * * * Wochenende * * * * * * * * * * * * * * * * * * * * * * * * * * * * * * * * * * * * * * * * * * * * * * * * | R29: =IF(OR(WEEKDAY(A29,2)=6,WEEKDAY(A29,2)=7),0,IFERROR(IF(VLOOKUP(A29,Feiertage!$B:$D,3,0)="ja",0,Summen!$B$9),Summen!$B$9)) -> 0 | S29: =SUM(C29:Q29) -> 0 | T29: =S29-R29 -> 0 | U29: =U28+T29 -> -1.56 | X29: =V29+W29*Summen!$B$44 -> 0 | AG29: =(Z29-Y29)+(AB29-AA29)+(AD29-AC29)+(AF29-AE29) -> 0 | AH29: =HOUR(AG29) -> 0 | AI29: =MINUTE(AG29)/60 -> 0 | AJ29: =AH29+AI29 -> 0 | AL29: =SUM(C29:Q29)-AJ29 -> 0
A30: =A29+1 -> 46230 | B30: =IFERROR(VLOOKUP(A30, Feiertage!$B:$C, 2, 0), IF(OR(WEEKDAY(A30,2)=6, WEEKDAY(A30,2)=7), Feiertage!$C$23, "")) | F30: 8.5 | R30: =IF(OR(WEEKDAY(A30,2)=6,WEEKDAY(A30,2)=7),0,IFERROR(IF(VLOOKUP(A30,Feiertage!$B:$D,3,0)="ja",0,Summen!$B$9),Summen!$B$9)) -> 8.4 | S30: =SUM(C30:Q30) -> 8.5 | T30: =S30-R30 -> 0.1 | U30: =U29+T30 -> -1.46 | X30: =V30+W30*Summen!$B$44 -> 0 | Y30: 0.35416667 | Z30: 0.47916667 | AA30: 0.5 | AB30: 0.72916667 | AG30: =(Z30-Y30)+(AB30-AA30)+(AD30-AC30)+(AF30-AE30) -> 0.35416667 | AH30: =HOUR(AG30) -> 8 | AI30: =MINUTE(AG30)/60 -> 0.5 | AJ30: =AH30+AI30 -> 8.5 | AL30: =SUM(C30:Q30)-AJ30 -> 0
A31: =A30+1 -> 46231 | B31: =IFERROR(VLOOKUP(A31, Feiertage!$B:$C, 2, 0), IF(OR(WEEKDAY(A31,2)=6, WEEKDAY(A31,2)=7), Feiertage!$C$23, "")) | L31: 8.4 | R31: =IF(OR(WEEKDAY(A31,2)=6,WEEKDAY(A31,2)=7),0,IFERROR(IF(VLOOKUP(A31,Feiertage!$B:$D,3,0)="ja",0,Summen!$B$9),Summen!$B$9)) -> 8.4 | S31: =SUM(C31:Q31) -> 8.4 | T31: =S31-R31 -> 0 | U31: =U30+T31 -> -1.46 | X31: =V31+W31*Summen!$B$44 -> 0 | AG31: =(Z31-Y31)+(AB31-AA31)+(AD31-AC31)+(AF31-AE31) -> 0 | AH31: =HOUR(AG31) -> 0 | AI31: =MINUTE(AG31)/60 -> 0 | AJ31: =AH31+AI31 -> 0 | AL31: =SUM(C31:Q31)-AJ31 -> 8.4
A32: =A31+1 -> 46232 | B32: =IFERROR(VLOOKUP(A32, Feiertage!$B:$C, 2, 0), IF(OR(WEEKDAY(A32,2)=6, WEEKDAY(A32,2)=7), Feiertage!$C$23, "")) | L32: 8.4 | R32: =IF(OR(WEEKDAY(A32,2)=6,WEEKDAY(A32,2)=7),0,IFERROR(IF(VLOOKUP(A32,Feiertage!$B:$D,3,0)="ja",0,Summen!$B$9),Summen!$B$9)) -> 8.4 | S32: =SUM(C32:Q32) -> 8.4 | T32: =S32-R32 -> 0 | U32: =U31+T32 -> -1.46 | X32: =V32+W32*Summen!$B$44 -> 0 | AG32: =(Z32-Y32)+(AB32-AA32)+(AD32-AC32)+(AF32-AE32) -> 0 | AH32: =HOUR(AG32) -> 0 | AI32: =MINUTE(AG32)/60 -> 0 | AJ32: =AH32+AI32 -> 0 | AL32: =SUM(C32:Q32)-AJ32 -> 8.4
A33: =A32+1 -> 46233 | B33: =IFERROR(VLOOKUP(A33, Feiertage!$B:$C, 2, 0), IF(OR(WEEKDAY(A33,2)=6, WEEKDAY(A33,2)=7), Feiertage!$C$23, "")) | F33: 7.6 | R33: =IF(OR(WEEKDAY(A33,2)=6,WEEKDAY(A33,2)=7),0,IFERROR(IF(VLOOKUP(A33,Feiertage!$B:$D,3,0)="ja",0,Summen!$B$9),Summen!$B$9)) -> 8.4 | S33: =SUM(C33:Q33) -> 7.6 | T33: =S33-R33 -> -0.8 | U33: =U32+T33 -> -2.26 | X33: =V33+W33*Summen!$B$44 -> 0 | Y33: 0.3125 | Z33: 0.38194444 | AA33: 0.38888889 | AB33: 0.63541667 | AG33: =(Z33-Y33)+(AB33-AA33)+(AD33-AC33)+(AF33-AE33) -> 0.31597222 | AH33: =HOUR(AG33) -> 7 | AI33: =MINUTE(AG33)/60 -> 0.58333333 | AJ33: =AH33+AI33 -> 7.5833333 | AL33: =SUM(C33:Q33)-AJ33 -> 0.016666667
A34: =A33+1 -> 46234 | B34: =IFERROR(VLOOKUP(A34, Feiertage!$B:$C, 2, 0), IF(OR(WEEKDAY(A34,2)=6, WEEKDAY(A34,2)=7), Feiertage!$C$23, "")) | F34: 6.3 | R34: =IF(OR(WEEKDAY(A34,2)=6,WEEKDAY(A34,2)=7),0,IFERROR(IF(VLOOKUP(A34,Feiertage!$B:$D,3,0)="ja",0,Summen!$B$9),Summen!$B$9)) -> 8.4 | S34: =SUM(C34:Q34) -> 6.3 | T34: =S34-R34 -> -2.1 | U34: =U33+T34 -> -4.36 | X34: =V34+W34*Summen!$B$44 -> 0 | Y34: 0.34375 | Z34: 0.38194444 | AA34: 0.38888889 | AB34: 0.61458333 | AG34: =(Z34-Y34)+(AB34-AA34)+(AD34-AC34)+(AF34-AE34) -> 0.26388889 | AH34: =HOUR(AG34) -> 6 | AI34: =MINUTE(AG34)/60 -> 0.33333333 | AJ34: =AH34+AI34 -> 6.3333333 | AL34: =SUM(C34:Q34)-AJ34 -> -0.033333333
A35: Total | C35: =SUM(C4:C34) -> 29.2 | D35: =SUM(D4:D34) -> 6.5 | E35: =SUM(E4:E34) -> 49.9 | F35: =SUM(F4:F34) -> 75.55 | G35: =SUM(G4:G34) -> 0 | H35: =SUM(H4:H34) -> 0 | I35: =SUM(I4:I34) -> 0 | J35: =SUM(J4:J34) -> 0 | ... T35: =SUM(T4:T34) -> -6.85 | U35: =U34 -> -4.36 | V35: =SUM(V4:V34) -> 0 | W35: =SUM(W4:W34)*Summen!$B$44 -> 0 | X35: =V35+W35 -> 0 | AJ35: =SUM(AJ4:AJ34) -> 161.16667 | AL35: =SUM(C35:Q35)-AJ35 -> 25.183333

Sheet Aug
A1: =Summen!B1 -> Alta Engineering AG | F1: Monatsblatt | H1: Name: | J1: =Summen!B3 -> Michael Küng | N1: Monat: | P1: =Jul!P1+31 -> 46235 | S1: Anstellung : | U1: =Summen!B5 -> 1 | W1: Blatt Nr. | X1: =Jul!X1+1 -> 8
C2: Ferien: | E2: =Summen!B18 -> 10.8 | F2: Bezogen: | H2: =Jul!H2+(Jul!Q35/Summen!B9) -> 1 | I2: Rest: | J2: =E2-H2 -> 9.8 | T2: Stundenübertrag Vormonat : | U2: =Jul!U35 -> -4.36 | V2: Spesen
A3: Projekte | C3: Villiger | K3: NBU | L3: krank | M3: Reisezeit | N3: CAD | O3: Ausbildung | P3: Büro | Q3: Ferien | R3: Soll | S3: Ist | T3: +/- | U3: Stand | V3: Fr. | W3: Km | X3: Summe | Y3: Start [hh:mm] | Z3: Stop [hh:mm] | AA3: Start [hh:mm] | AB3: Stop [hh:mm] | AC3: Start [hh:mm] | AD3: Stop [hh:mm] | AE3: Start [hh:mm] | AF3: Stop [hh:mm] | AG3: Ist-Zeit [hh:mm] | AH3: Ist-Zeit [hh] | AI3: Ist-Zeit [.hh] | AJ3: Ist-Zeit [h.h] | AL3: Aufteilung - Istzeit
A4: =P1 -> 46235 | B4: =IFERROR(VLOOKUP(A4, Feiertage!$B:$C, 2, 0), IF(OR(WEEKDAY(A4,2)=6, WEEKDAY(A4,2)=7), Feiertage!$C$23, "")) -> * * * * * * * * Nationalfeiertag * * * * * * * * * * * * * * * * * * * * * * * * * * * * * * * * * * * * * * * * * * * * * * | R4: =IF(OR(WEEKDAY(A4,2)=6,WEEKDAY(A4,2)=7),0,IFERROR(IF(VLOOKUP(A4,Feiertage!$B:$D,3,0)="ja",0,Summen!$B$9),Summen!$B$9)) -> 0 | S4: =SUM(C4:Q4) -> 0 | T4: =S4-R4 -> 0 | U4: =U2+T4 -> -4.36 | X4: =V4+W4*Summen!$B$44 -> 0 | AG4: =(Z4-Y4)+(AB4-AA4)+(AD4-AC4)+(AF4-AE4) -> 0 | AH4: =HOUR(AG4) -> 0 | AI4: =MINUTE(AG4)/60 -> 0 | AJ4: =AH4+AI4 -> 0 | AL4: =SUM(C4:Q4)-AJ4 -> 0
A5: =A4+1 -> 46236 | B5: =IFERROR(VLOOKUP(A5, Feiertage!$B:$C, 2, 0), IF(OR(WEEKDAY(A5,2)=6, WEEKDAY(A5,2)=7), Feiertage!$C$23, "")) -> * * * * * * * * Wochenende * * * * * * * * * * * * * * * * * * * * * * * * * * * * * * * * * * * * * * * * * * * * * * * * | R5: =IF(OR(WEEKDAY(A5,2)=6,WEEKDAY(A5,2)=7),0,IFERROR(IF(VLOOKUP(A5,Feiertage!$B:$D,3,0)="ja",0,Summen!$B$9),Summen!$B$9)) -> 0 | S5: =SUM(C5:Q5) -> 0 | T5: =S5-R5 -> 0 | U5: =U4+T5 -> -4.36 | X5: =V5+W5*Summen!$B$44 -> 0 | AG5: =(Z5-Y5)+(AB5-AA5)+(AD5-AC5)+(AF5-AE5) -> 0 | AH5: =HOUR(AG5) -> 0 | AI5: =MINUTE(AG5)/60 -> 0 | AJ5: =AH5+AI5 -> 0 | AL5: =SUM(C5:Q5)-AJ5 -> 0
A6: =A5+1 -> 46237 | B6: =IFERROR(VLOOKUP(A6, Feiertage!$B:$C, 2, 0), IF(OR(WEEKDAY(A6,2)=6, WEEKDAY(A6,2)=7), Feiertage!$C$23, "")) | C6: 10 | R6: =IF(OR(WEEKDAY(A6,2)=6,WEEKDAY(A6,2)=7),0,IFERROR(IF(VLOOKUP(A6,Feiertage!$B:$D,3,0)="ja",0,Summen!$B$9),Summen!$B$9)) -> 8.4 | S6: =SUM(C6:Q6) -> 10 | T6: =S6-R6 -> 1.6 | U6: =U5+T6 -> -2.76 | X6: =V6+W6*Summen!$B$44 -> 0 | Y6: 0.31597222 | Z6: 0.375 | AA6: 0.38194444 | AB6: 0.48958333 | AC6: 0.5 | AD6: 0.75 | AG6: =(Z6-Y6)+(AB6-AA6)+(AD6-AC6)+(AF6-AE6) -> 0.41666667 | AH6: =HOUR(AG6) -> 10 | AI6: =MINUTE(AG6)/60 -> 0 | AJ6: =AH6+AI6 -> 10 | AL6: =SUM(C6:Q6)-AJ6 -> 0
A7: =A6+1 -> 46238 | B7: =IFERROR(VLOOKUP(A7, Feiertage!$B:$C, 2, 0), IF(OR(WEEKDAY(A7,2)=6, WEEKDAY(A7,2)=7), Feiertage!$C$23, "")) | C7: 7.5 | R7: =IF(OR(WEEKDAY(A7,2)=6,WEEKDAY(A7,2)=7),0,IFERROR(IF(VLOOKUP(A7,Feiertage!$B:$D,3,0)="ja",0,Summen!$B$9),Summen!$B$9)) -> 8.4 | S7: =SUM(C7:Q7) -> 7.5 | T7: =S7-R7 -> -0.9 | U7: =U6+T7 -> -3.66 | X7: =V7+W7*Summen!$B$44 -> 0 | Y7: 0.33333333 | Z7: 0.47916667 | AA7: 0.48958333 | AB7: 0.65625 | AG7: =(Z7-Y7)+(AB7-AA7)+(AD7-AC7)+(AF7-AE7) -> 0.3125 | AH7: =HOUR(AG7) -> 7 | AI7: =MINUTE(AG7)/60 -> 0.5 | AJ7: =AH7+AI7 -> 7.5 | AL7: =SUM(C7:Q7)-AJ7 -> 0
A8: =A7+1 -> 46239 | B8: =IFERROR(VLOOKUP(A8, Feiertage!$B:$C, 2, 0), IF(OR(WEEKDAY(A8,2)=6, WEEKDAY(A8,2)=7), Feiertage!$C$23, "")) | C8: 7.5 | M8: 0.3 | R8: =IF(OR(WEEKDAY(A8,2)=6,WEEKDAY(A8,2)=7),0,IFERROR(IF(VLOOKUP(A8,Feiertage!$B:$D,3,0)="ja",0,Summen!$B$9),Summen!$B$9)) -> 8.4 | S8: =SUM(C8:Q8) -> 7.8 | T8: =S8-R8 -> -0.6 | U8: =U7+T8 -> -4.26 | X8: =V8+W8*Summen!$B$44 -> 0 | Y8: 0.33333333 | Z8: 0.5 | AA8: 0.52083333 | AB8: 0.66666667 | AG8: =(Z8-Y8)+(AB8-AA8)+(AD8-AC8)+(AF8-AE8) -> 0.3125 | AH8: =HOUR(AG8) -> 7 | AI8: =MINUTE(AG8)/60 -> 0.5 | AJ8: =AH8+AI8 -> 7.5 | AL8: =SUM(C8:Q8)-AJ8 -> 0.3
A9: =A8+1 -> 46240 | B9: =IFERROR(VLOOKUP(A9, Feiertage!$B:$C, 2, 0), IF(OR(WEEKDAY(A9,2)=6, WEEKDAY(A9,2)=7), Feiertage!$C$23, "")) | C9: 8.8 | R9: =IF(OR(WEEKDAY(A9,2)=6,WEEKDAY(A9,2)=7),0,IFERROR(IF(VLOOKUP(A9,Feiertage!$B:$D,3,0)="ja",0,Summen!$B$9),Summen!$B$9)) -> 8.4 | S9: =SUM(C9:Q9) -> 8.8 | T9: =S9-R9 -> 0.4 | U9: =U8+T9 -> -3.86 | X9: =V9+W9*Summen!$B$44 -> 0 | Y9: 0.31944444 | Z9: 0.375 | AA9: 0.38194444 | AB9: 0.48263889 | AC9: 0.49305556 | AD9: 0.70138889 | AG9: =(Z9-Y9)+(AB9-AA9)+(AD9-AC9)+(AF9-AE9) -> 0.36458333 | AH9: =HOUR(AG9) -> 8 | AI9: =MINUTE(AG9)/60 -> 0.75 | AJ9: =AH9+AI9 -> 8.75 | AL9: =SUM(C9:Q9)-AJ9 -> 0.05
A10: =A9+1 -> 46241 | B10: =IFERROR(VLOOKUP(A10, Feiertage!$B:$C, 2, 0), IF(OR(WEEKDAY(A10,2)=6, WEEKDAY(A10,2)=7), Feiertage!$C$23, "")) | C10: 6.6 | R10: =IF(OR(WEEKDAY(A10,2)=6,WEEKDAY(A10,2)=7),0,IFERROR(IF(VLOOKUP(A10,Feiertage!$B:$D,3,0)="ja",0,Summen!$B$9),Summen!$B$9)) -> 8.4 | S10: =SUM(C10:Q10) -> 6.6 | T10: =S10-R10 -> -1.8 | U10: =U9+T10 -> -5.66 | X10: =V10+W10*Summen!$B$44 -> 0 | Y10: 0.3125 | Z10: 0.47916667 | AA10: 0.48611111 | AB10: 0.59375 | AG10: =(Z10-Y10)+(AB10-AA10)+(AD10-AC10)+(AF10-AE10) -> 0.27430556 | AH10: =HOUR(AG10) -> 6 | AI10: =MINUTE(AG10)/60 -> 0.58333333 | AJ10: =AH10+AI10 -> 6.5833333 | AL10: =SUM(C10:Q10)-AJ10 -> 0.016666667
A11: =A10+1 -> 46242 | B11: =IFERROR(VLOOKUP(A11, Feiertage!$B:$C, 2, 0), IF(OR(WEEKDAY(A11,2)=6, WEEKDAY(A11,2)=7), Feiertage!$C$23, "")) -> * * * * * * * * Wochenende * * * * * * * * * * * * * * * * * * * * * * * * * * * * * * * * * * * * * * * * * * * * * * * * | R11: =IF(OR(WEEKDAY(A11,2)=6,WEEKDAY(A11,2)=7),0,IFERROR(IF(VLOOKUP(A11,Feiertage!$B:$D,3,0)="ja",0,Summen!$B$9),Summen!$B$9)) -> 0 | S11: =SUM(C11:Q11) -> 0 | T11: =S11-R11 -> 0 | U11: =U10+T11 -> -5.66 | X11: =V11+W11*Summen!$B$44 -> 0 | AG11: =(Z11-Y11)+(AB11-AA11)+(AD11-AC11)+(AF11-AE11) -> 0 | AH11: =HOUR(AG11) -> 0 | AI11: =MINUTE(AG11)/60 -> 0 | AJ11: =AH11+AI11 -> 0 | AL11: =SUM(C11:Q11)-AJ11 -> 0
A12: =A11+1 -> 46243 | B12: =IFERROR(VLOOKUP(A12, Feiertage!$B:$C, 2, 0), IF(OR(WEEKDAY(A12,2)=6, WEEKDAY(A12,2)=7), Feiertage!$C$23, "")) -> * * * * * * * * Wochenende * * * * * * * * * * * * * * * * * * * * * * * * * * * * * * * * * * * * * * * * * * * * * * * * | R12: =IF(OR(WEEKDAY(A12,2)=6,WEEKDAY(A12,2)=7),0,IFERROR(IF(VLOOKUP(A12,Feiertage!$B:$D,3,0)="ja",0,Summen!$B$9),Summen!$B$9)) -> 0 | S12: =SUM(C12:Q12) -> 0 | T12: =S12-R12 -> 0 | U12: =U11+T12 -> -5.66 | X12: =V12+W12*Summen!$B$44 -> 0 | AG12: =(Z12-Y12)+(AB12-AA12)+(AD12-AC12)+(AF12-AE12) -> 0 | AH12: =HOUR(AG12) -> 0 | AI12: =MINUTE(AG12)/60 -> 0 | AJ12: =AH12+AI12 -> 0 | AL12: =SUM(C12:Q12)-AJ12 -> 0
A13: =A12+1 -> 46244 | B13: =IFERROR(VLOOKUP(A13, Feiertage!$B:$C, 2, 0), IF(OR(WEEKDAY(A13,2)=6, WEEKDAY(A13,2)=7), Feiertage!$C$23, "")) | C13: 4.3 | K13: 4.2 | R13: =IF(OR(WEEKDAY(A13,2)=6,WEEKDAY(A13,2)=7),0,IFERROR(IF(VLOOKUP(A13,Feiertage!$B:$D,3,0)="ja",0,Summen!$B$9),Summen!$B$9)) -> 8.4 | S13: =SUM(C13:Q13) -> 8.5 | T13: =S13-R13 -> 0.1 | U13: =U12+T13 -> -5.56 | X13: =V13+W13*Summen!$B$44 -> 0 | Y13: 0.30902778 | Z13: 0.375 | AA13: 0.38541667 | AB13: 0.5 | AG13: =(Z13-Y13)+(AB13-AA13)+(AD13-AC13)+(AF13-AE13) -> 0.18055556 | AH13: =HOUR(AG13) -> 4 | AI13: =MINUTE(AG13)/60 -> 0.33333333 | AJ13: =AH13+AI13 -> 4.3333333 | AL13: =SUM(C13:Q13)-AJ13 -> 4.1666667
A14: =A13+1 -> 46245 | B14: =IFERROR(VLOOKUP(A14, Feiertage!$B:$C, 2, 0), IF(OR(WEEKDAY(A14,2)=6, WEEKDAY(A14,2)=7), Feiertage!$C$23, "")) | C14: 5.4 | K14: 4.2 | R14: =IF(OR(WEEKDAY(A14,2)=6,WEEKDAY(A14,2)=7),0,IFERROR(IF(VLOOKUP(A14,Feiertage!$B:$D,3,0)="ja",0,Summen!$B$9),Summen!$B$9)) -> 8.4 | S14: =SUM(C14:Q14) -> 9.6 | T14: =S14-R14 -> 1.2 | U14: =U13+T14 -> -4.36 | X14: =V14+W14*Summen!$B$44 -> 0 | Y14: 0.31944444 | Z14: 0.53125 | AA14: 0.5625 | AB14: 0.57638889 | AG14: =(Z14-Y14)+(AB14-AA14)+(AD14-AC14)+(AF14-AE14) -> 0.22569444 | AH14: =HOUR(AG14) -> 5 | AI14: =MINUTE(AG14)/60 -> 0.41666667 | AJ14: =AH14+AI14 -> 5.4166667 | AL14: =SUM(C14:Q14)-AJ14 -> 4.1833333
A15: =A14+1 -> 46246 | B15: =IFERROR(VLOOKUP(A15, Feiertage!$B:$C, 2, 0), IF(OR(WEEKDAY(A15,2)=6, WEEKDAY(A15,2)=7), Feiertage!$C$23, "")) | K15: 8.4 | R15: =IF(OR(WEEKDAY(A15,2)=6,WEEKDAY(A15,2)=7),0,IFERROR(IF(VLOOKUP(A15,Feiertage!$B:$D,3,0)="ja",0,Summen!$B$9),Summen!$B$9)) -> 8.4 | S15: =SUM(C15:Q15) -> 8.4 | T15: =S15-R15 -> 0 | U15: =U14+T15 -> -4.36 | X15: =V15+W15*Summen!$B$44 -> 0 | AG15: =(Z15-Y15)+(AB15-AA15)+(AD15-AC15)+(AF15-AE15) -> 0 | AH15: =HOUR(AG15) -> 0 | AI15: =MINUTE(AG15)/60 -> 0 | AJ15: =AH15+AI15 -> 0 | AL15: =SUM(C15:Q15)-AJ15 -> 8.4
A16: =A15+1 -> 46247 | B16: =IFERROR(VLOOKUP(A16, Feiertage!$B:$C, 2, 0), IF(OR(WEEKDAY(A16,2)=6, WEEKDAY(A16,2)=7), Feiertage!$C$23, "")) | K16: 8.4 | R16: =IF(OR(WEEKDAY(A16,2)=6,WEEKDAY(A16,2)=7),0,IFERROR(IF(VLOOKUP(A16,Feiertage!$B:$D,3,0)="ja",0,Summen!$B$9),Summen!$B$9)) -> 8.4 | S16: =SUM(C16:Q16) -> 8.4 | T16: =S16-R16 -> 0 | U16: =U15+T16 -> -4.36 | X16: =V16+W16*Summen!$B$44 -> 0 | AG16: =(Z16-Y16)+(AB16-AA16)+(AD16-AC16)+(AF16-AE16) -> 0 | AH16: =HOUR(AG16) -> 0 | AI16: =MINUTE(AG16)/60 -> 0 | AJ16: =AH16+AI16 -> 0 | AL16: =SUM(C16:Q16)-AJ16 -> 8.4
A17: =A16+1 -> 46248 | B17: =IFERROR(VLOOKUP(A17, Feiertage!$B:$C, 2, 0), IF(OR(WEEKDAY(A17,2)=6, WEEKDAY(A17,2)=7), Feiertage!$C$23, "")) | K17: 8.4 | R17: =IF(OR(WEEKDAY(A17,2)=6,WEEKDAY(A17,2)=7),0,IFERROR(IF(VLOOKUP(A17,Feiertage!$B:$D,3,0)="ja",0,Summen!$B$9),Summen!$B$9)) -> 8.4 | S17: =SUM(C17:Q17) -> 8.4 | T17: =S17-R17 -> 0 | U17: =U16+T17 -> -4.36 | X17: =V17+W17*Summen!$B$44 -> 0 | AG17: =(Z17-Y17)+(AB17-AA17)+(AD17-AC17)+(AF17-AE17) -> 0 | AH17: =HOUR(AG17) -> 0 | AI17: =MINUTE(AG17)/60 -> 0 | AJ17: =AH17+AI17 -> 0 | AL17: =SUM(C17:Q17)-AJ17 -> 8.4
A18: =A17+1 -> 46249 | B18: =IFERROR(VLOOKUP(A18, Feiertage!$B:$C, 2, 0), IF(OR(WEEKDAY(A18,2)=6, WEEKDAY(A18,2)=7), Feiertage!$C$23, "")) -> * * * * * * * * Maria Himmelfahrt * * * * * * * * * * * * * * * * * * * * * * * * * * * * * * * * * * * * * * * * * * * * | R18: =IF(OR(WEEKDAY(A18,2)=6,WEEKDAY(A18,2)=7),0,IFERROR(IF(VLOOKUP(A18,Feiertage!$B:$D,3,0)="ja",0,Summen!$B$9),Summen!$B$9)) -> 0 | S18: =SUM(C18:Q18) -> 0 | T18: =S18-R18 -> 0 | U18: =U17+T18 -> -4.36 | X18: =V18+W18*Summen!$B$44 -> 0 | AG18: =(Z18-Y18)+(AB18-AA18)+(AD18-AC18)+(AF18-AE18) -> 0 | AH18: =HOUR(AG18) -> 0 | AI18: =MINUTE(AG18)/60 -> 0 | AJ18: =AH18+AI18 -> 0 | AL18: =SUM(C18:Q18)-AJ18 -> 0
A19: =A18+1 -> 46250 | B19: =IFERROR(VLOOKUP(A19, Feiertage!$B:$C, 2, 0), IF(OR(WEEKDAY(A19,2)=6, WEEKDAY(A19,2)=7), Feiertage!$C$23, "")) -> * * * * * * * * Wochenende * * * * * * * * * * * * * * * * * * * * * * * * * * * * * * * * * * * * * * * * * * * * * * * * | R19: =IF(OR(WEEKDAY(A19,2)=6,WEEKDAY(A19,2)=7),0,IFERROR(IF(VLOOKUP(A19,Feiertage!$B:$D,3,0)="ja",0,Summen!$B$9),Summen!$B$9)) -> 0 | S19: =SUM(C19:Q19) -> 0 | T19: =S19-R19 -> 0 | U19: =U18+T19 -> -4.36 | X19: =V19+W19*Summen!$B$44 -> 0 | AG19: =(Z19-Y19)+(AB19-AA19)+(AD19-AC19)+(AF19-AE19) -> 0 | AH19: =HOUR(AG19) -> 0 | AI19: =MINUTE(AG19)/60 -> 0 | AJ19: =AH19+AI19 -> 0 | AL19: =SUM(C19:Q19)-AJ19 -> 0
A20: =A19+1 -> 46251 | B20: =IFERROR(VLOOKUP(A20, Feiertage!$B:$C, 2, 0), IF(OR(WEEKDAY(A20,2)=6, WEEKDAY(A20,2)=7), Feiertage!$C$23, "")) | R20: =IF(OR(WEEKDAY(A20,2)=6,WEEKDAY(A20,2)=7),0,IFERROR(IF(VLOOKUP(A20,Feiertage!$B:$D,3,0)="ja",0,Summen!$B$9),Summen!$B$9)) -> 8.4 | S20: =SUM(C20:Q20) -> 0 | T20: =S20-R20 -> -8.4 | U20: =U19+T20 -> -12.76 | X20: =V20+W20*Summen!$B$44 -> 0 | AG20: =(Z20-Y20)+(AB20-AA20)+(AD20-AC20)+(AF20-AE20) -> 0 | AH20: =HOUR(AG20) -> 0 | AI20: =MINUTE(AG20)/60 -> 0 | AJ20: =AH20+AI20 -> 0 | AL20: =SUM(C20:Q20)-AJ20 -> 0
A21: =A20+1 -> 46252 | B21: =IFERROR(VLOOKUP(A21, Feiertage!$B:$C, 2, 0), IF(OR(WEEKDAY(A21,2)=6, WEEKDAY(A21,2)=7), Feiertage!$C$23, "")) | R21: =IF(OR(WEEKDAY(A21,2)=6,WEEKDAY(A21,2)=7),0,IFERROR(IF(VLOOKUP(A21,Feiertage!$B:$D,3,0)="ja",0,Summen!$B$9),Summen!$B$9)) -> 8.4 | S21: =SUM(C21:Q21) -> 0 | T21: =S21-R21 -> -8.4 | U21: =U20+T21 -> -21.16 | X21: =V21+W21*Summen!$B$44 -> 0 | AG21: =(Z21-Y21)+(AB21-AA21)+(AD21-AC21)+(AF21-AE21) -> 0 | AH21: =HOUR(AG21) -> 0 | AI21: =MINUTE(AG21)/60 -> 0 | AJ21: =AH21+AI21 -> 0 | AL21: =SUM(C21:Q21)-AJ21 -> 0
A22: =A21+1 -> 46253 | B22: =IFERROR(VLOOKUP(A22, Feiertage!$B:$C, 2, 0), IF(OR(WEEKDAY(A22,2)=6, WEEKDAY(A22,2)=7), Feiertage!$C$23, "")) | R22: =IF(OR(WEEKDAY(A22,2)=6,WEEKDAY(A22,2)=7),0,IFERROR(IF(VLOOKUP(A22,Feiertage!$B:$D,3,0)="ja",0,Summen!$B$9),Summen!$B$9)) -> 8.4 | S22: =SUM(C22:Q22) -> 0 | T22: =S22-R22 -> -8.4 | U22: =U21+T22 -> -29.56 | X22: =V22+W22*Summen!$B$44 -> 0 | AG22: =(Z22-Y22)+(AB22-AA22)+(AD22-AC22)+(AF22-AE22) -> 0 | AH22: =HOUR(AG22) -> 0 | AI22: =MINUTE(AG22)/60 -> 0 | AJ22: =AH22+AI22 -> 0 | AL22: =SUM(C22:Q22)-AJ22 -> 0
A23: =A22+1 -> 46254 | B23: =IFERROR(VLOOKUP(A23, Feiertage!$B:$C, 2, 0), IF(OR(WEEKDAY(A23,2)=6, WEEKDAY(A23,2)=7), Feiertage!$C$23, "")) | R23: =IF(OR(WEEKDAY(A23,2)=6,WEEKDAY(A23,2)=7),0,IFERROR(IF(VLOOKUP(A23,Feiertage!$B:$D,3,0)="ja",0,Summen!$B$9),Summen!$B$9)) -> 8.4 | S23: =SUM(C23:Q23) -> 0 | T23: =S23-R23 -> -8.4 | U23: =U22+T23 -> -37.96 | X23: =V23+W23*Summen!$B$44 -> 0 | AG23: =(Z23-Y23)+(AB23-AA23)+(AD23-AC23)+(AF23-AE23) -> 0 | AH23: =HOUR(AG23) -> 0 | AI23: =MINUTE(AG23)/60 -> 0 | AJ23: =AH23+AI23 -> 0 | AL23: =SUM(C23:Q23)-AJ23 -> 0
A24: =A23+1 -> 46255 | B24: =IFERROR(VLOOKUP(A24, Feiertage!$B:$C, 2, 0), IF(OR(WEEKDAY(A24,2)=6, WEEKDAY(A24,2)=7), Feiertage!$C$23, "")) | R24: =IF(OR(WEEKDAY(A24,2)=6,WEEKDAY(A24,2)=7),0,IFERROR(IF(VLOOKUP(A24,Feiertage!$B:$D,3,0)="ja",0,Summen!$B$9),Summen!$B$9)) -> 8.4 | S24: =SUM(C24:Q24) -> 0 | T24: =S24-R24 -> -8.4 | U24: =U23+T24 -> -46.36 | X24: =V24+W24*Summen!$B$44 -> 0 | AG24: =(Z24-Y24)+(AB24-AA24)+(AD24-AC24)+(AF24-AE24) -> 0 | AH24: =HOUR(AG24) -> 0 | AI24: =MINUTE(AG24)/60 -> 0 | AJ24: =AH24+AI24 -> 0 | AL24: =SUM(C24:Q24)-AJ24 -> 0
A25: =A24+1 -> 46256 | B25: =IFERROR(VLOOKUP(A25, Feiertage!$B:$C, 2, 0), IF(OR(WEEKDAY(A25,2)=6, WEEKDAY(A25,2)=7), Feiertage!$C$23, "")) -> * * * * * * * * Wochenende * * * * * * * * * * * * * * * * * * * * * * * * * * * * * * * * * * * * * * * * * * * * * * * * | R25: =IF(OR(WEEKDAY(A25,2)=6,WEEKDAY(A25,2)=7),0,IFERROR(IF(VLOOKUP(A25,Feiertage!$B:$D,3,0)="ja",0,Summen!$B$9),Summen!$B$9)) -> 0 | S25: =SUM(C25:Q25) -> 0 | T25: =S25-R25 -> 0 | U25: =U24+T25 -> -46.36 | X25: =V25+W25*Summen!$B$44 -> 0 | AG25: =(Z25-Y25)+(AB25-AA25)+(AD25-AC25)+(AF25-AE25) -> 0 | AH25: =HOUR(AG25) -> 0 | AI25: =MINUTE(AG25)/60 -> 0 | AJ25: =AH25+AI25 -> 0 | AL25: =SUM(C25:Q25)-AJ25 -> 0
A26: =A25+1 -> 46257 | B26: =IFERROR(VLOOKUP(A26, Feiertage!$B:$C, 2, 0), IF(OR(WEEKDAY(A26,2)=6, WEEKDAY(A26,2)=7), Feiertage!$C$23, "")) -> * * * * * * * * Wochenende * * * * * * * * * * * * * * * * * * * * * * * * * * * * * * * * * * * * * * * * * * * * * * * * | R26: =IF(OR(WEEKDAY(A26,2)=6,WEEKDAY(A26,2)=7),0,IFERROR(IF(VLOOKUP(A26,Feiertage!$B:$D,3,0)="ja",0,Summen!$B$9),Summen!$B$9)) -> 0 | S26: =SUM(C26:Q26) -> 0 | T26: =S26-R26 -> 0 | U26: =U25+T26 -> -46.36 | X26: =V26+W26*Summen!$B$44 -> 0 | AG26: =(Z26-Y26)+(AB26-AA26)+(AD26-AC26)+(AF26-AE26) -> 0 | AH26: =HOUR(AG26) -> 0 | AI26: =MINUTE(AG26)/60 -> 0 | AJ26: =AH26+AI26 -> 0 | AL26: =SUM(C26:Q26)-AJ26 -> 0
A27: =A26+1 -> 46258 | B27: =IFERROR(VLOOKUP(A27, Feiertage!$B:$C, 2, 0), IF(OR(WEEKDAY(A27,2)=6, WEEKDAY(A27,2)=7), Feiertage!$C$23, "")) | R27: =IF(OR(WEEKDAY(A27,2)=6,WEEKDAY(A27,2)=7),0,IFERROR(IF(VLOOKUP(A27,Feiertage!$B:$D,3,0)="ja",0,Summen!$B$9),Summen!$B$9)) -> 8.4 | S27: =SUM(C27:Q27) -> 0 | T27: =S27-R27 -> -8.4 | U27: =U26+T27 -> -54.76 | X27: =V27+W27*Summen!$B$44 -> 0 | AG27: =(Z27-Y27)+(AB27-AA27)+(AD27-AC27)+(AF27-AE27) -> 0 | AH27: =HOUR(AG27) -> 0 | AI27: =MINUTE(AG27)/60 -> 0 | AJ27: =AH27+AI27 -> 0 | AL27: =SUM(C27:Q27)-AJ27 -> 0
A28: =A27+1 -> 46259 | B28: =IFERROR(VLOOKUP(A28, Feiertage!$B:$C, 2, 0), IF(OR(WEEKDAY(A28,2)=6, WEEKDAY(A28,2)=7), Feiertage!$C$23, "")) | R28: =IF(OR(WEEKDAY(A28,2)=6,WEEKDAY(A28,2)=7),0,IFERROR(IF(VLOOKUP(A28,Feiertage!$B:$D,3,0)="ja",0,Summen!$B$9),Summen!$B$9)) -> 8.4 | S28: =SUM(C28:Q28) -> 0 | T28: =S28-R28 -> -8.4 | U28: =U27+T28 -> -63.16 | X28: =V28+W28*Summen!$B$44 -> 0 | AG28: =(Z28-Y28)+(AB28-AA28)+(AD28-AC28)+(AF28-AE28) -> 0 | AH28: =HOUR(AG28) -> 0 | AI28: =MINUTE(AG28)/60 -> 0 | AJ28: =AH28+AI28 -> 0 | AL28: =SUM(C28:Q28)-AJ28 -> 0
A29: =A28+1 -> 46260 | B29: =IFERROR(VLOOKUP(A29, Feiertage!$B:$C, 2, 0), IF(OR(WEEKDAY(A29,2)=6, WEEKDAY(A29,2)=7), Feiertage!$C$23, "")) | R29: =IF(OR(WEEKDAY(A29,2)=6,WEEKDAY(A29,2)=7),0,IFERROR(IF(VLOOKUP(A29,Feiertage!$B:$D,3,0)="ja",0,Summen!$B$9),Summen!$B$9)) -> 8.4 | S29: =SUM(C29:Q29) -> 0 | T29: =S29-R29 -> -8.4 | U29: =U28+T29 -> -71.56 | X29: =V29+W29*Summen!$B$44 -> 0 | AG29: =(Z29-Y29)+(AB29-AA29)+(AD29-AC29)+(AF29-AE29) -> 0 | AH29: =HOUR(AG29) -> 0 | AI29: =MINUTE(AG29)/60 -> 0 | AJ29: =AH29+AI29 -> 0 | AL29: =SUM(C29:Q29)-AJ29 -> 0
... A34: =A33+1 -> 46265 | B34: =IFERROR(VLOOKUP(A34, Feiertage!$B:$C, 2, 0), IF(OR(WEEKDAY(A34,2)=6, WEEKDAY(A34,2)=7), Feiertage!$C$23, "")) | R34: =IF(OR(WEEKDAY(A34,2)=6,WEEKDAY(A34,2)=7),0,IFERROR(IF(VLOOKUP(A34,Feiertage!$B:$D,3,0)="ja",0,Summen!$B$9),Summen!$B$9)) -> 8.4 | S34: =SUM(C34:Q34) -> 0 | T34: =S34-R34 -> -8.4 | U34: =U33+T34 -> -96.76 | X34: =V34+W34*Summen!$B$44 -> 0 | AG34: =(Z34-Y34)+(AB34-AA34)+(AD34-AC34)+(AF34-AE34) -> 0 | AH34: =HOUR(AG34) -> 0 | AI34: =MINUTE(AG34)/60 -> 0 | AJ34: =AH34+AI34 -> 0 | AL34: =SUM(C34:Q34)-AJ34 -> 0
A35: Total | C35: =SUM(C4:C34) -> 50.1 | D35: =SUM(D4:D34) -> 0 | E35: =SUM(E4:E34) -> 0 | F35: =SUM(F4:F34) -> 0 | G35: =SUM(G4:G34) -> 0 | H35: =SUM(H4:H34) -> 0 | I35: =SUM(I4:I34) -> 0 | J35: =SUM(J4:J34) -> 0 | ... T35: =SUM(T4:T34) -> -92.4 | U35: =U34 -> -96.76 | V35: =SUM(V4:V34) -> 0 | W35: =SUM(W4:W34)*Summen!$B$44 -> 0 | X35: =V35+W35 -> 0 | AJ35: =SUM(AJ4:AJ34) -> 50.083333 | AL35: =SUM(C35:Q35)-AJ35 -> 33.916667

Sheet Sep
A1: =Summen!B1 -> Alta Engineering AG | F1: Monatsblatt | H1: Name: | J1: =Summen!B3 -> Michael Küng | N1: Monat: | P1: =Aug!P1+31 -> 46266 | S1: Anstellung : | U1: =Summen!B5 -> 1 | W1: Blatt Nr. | X1: =Aug!X1+1 -> 9
C2: Ferien: | E2: =Summen!B18 -> 10.8 | F2: Bezogen: | H2: =Aug!H2+(Aug!Q35/Summen!B9) -> 1 | I2: Rest: | J2: =E2-H2 -> 9.8 | T2: Stundenübertrag Vormonat : | U2: =Aug!U35 -> -96.76 | V2: Spesen
A3: Projekte | L3: krank | M3: Reisezeit | N3: CAD | O3: Ausbildung | P3: Büro | Q3: Ferien | R3: Soll | S3: Ist | T3: +/- | U3: Stand | V3: Fr. | W3: Km | X3: Summe | Y3: Start [hh:mm] | Z3: Stop [hh:mm] | AA3: Start [hh:mm] | AB3: Stop [hh:mm] | AC3: Start [hh:mm] | AD3: Stop [hh:mm] | AE3: Start [hh:mm] | AF3: Stop [hh:mm] | AG3: Ist-Zeit [hh:mm] | AH3: Ist-Zeit [hh] | AI3: Ist-Zeit [.hh] | AJ3: Ist-Zeit [h.h] | AL3: Aufteilung - Istzeit
A4: =P1 -> 46266 | B4: =IFERROR(VLOOKUP(A4, Feiertage!$B:$C, 2, 0), IF(OR(WEEKDAY(A4,2)=6, WEEKDAY(A4,2)=7), Feiertage!$C$23, "")) | R4: =IF(OR(WEEKDAY(A4,2)=6,WEEKDAY(A4,2)=7),0,IFERROR(IF(VLOOKUP(A4,Feiertage!$B:$D,3,0)="ja",0,Summen!$B$9),Summen!$B$9)) -> 8.4 | S4: =SUM(C4:Q4) -> 0 | T4: =S4-R4 -> -8.4 | U4: =U2+T4 -> -105.16 | X4: =V4+W4*Summen!$B$44 -> 0 | AG4: =(Z4-Y4)+(AB4-AA4)+(AD4-AC4)+(AF4-AE4) -> 0 | AH4: =HOUR(AG4) -> 0 | AI4: =MINUTE(AG4)/60 -> 0 | AJ4: =AH4+AI4 -> 0 | AL4: =SUM(C4:Q4)-AJ4 -> 0
A5: =A4+1 -> 46267 | B5: =IFERROR(VLOOKUP(A5, Feiertage!$B:$C, 2, 0), IF(OR(WEEKDAY(A5,2)=6, WEEKDAY(A5,2)=7), Feiertage!$C$23, "")) -> * * * * * * * * Justustag * * * * * * * * * * * * * * * * * * * * * * * * * * * * * * * * * * * * * * * * * * * * * * * * * * | R5: =IF(OR(WEEKDAY(A5,2)=6,WEEKDAY(A5,2)=7),0,IFERROR(IF(VLOOKUP(A5,Feiertage!$B:$D,3,0)="ja",0,Summen!$B$9),Summen!$B$9)) -> 0 | S5: =SUM(C5:Q5) -> 0 | T5: =S5-R5 -> 0 | U5: =U4+T5 -> -105.16 | X5: =V5+W5*Summen!$B$44 -> 0 | AG5: =(Z5-Y5)+(AB5-AA5)+(AD5-AC5)+(AF5-AE5) -> 0 | AH5: =HOUR(AG5) -> 0 | AI5: =MINUTE(AG5)/60 -> 0 | AJ5: =AH5+AI5 -> 0 | AL5: =SUM(C5:Q5)-AJ5 -> 0
A6: =A5+1 -> 46268 | B6: =IFERROR(VLOOKUP(A6, Feiertage!$B:$C, 2, 0), IF(OR(WEEKDAY(A6,2)=6, WEEKDAY(A6,2)=7), Feiertage!$C$23, "")) | R6: =IF(OR(WEEKDAY(A6,2)=6,WEEKDAY(A6,2)=7),0,IFERROR(IF(VLOOKUP(A6,Feiertage!$B:$D,3,0)="ja",0,Summen!$B$9),Summen!$B$9)) -> 8.4 | S6: =SUM(C6:Q6) -> 0 | T6: =S6-R6 -> -8.4 | U6: =U5+T6 -> -113.56 | X6: =V6+W6*Summen!$B$44 -> 0 | AG6: =(Z6-Y6)+(AB6-AA6)+(AD6-AC6)+(AF6-AE6) -> 0 | AH6: =HOUR(AG6) -> 0 | AI6: =MINUTE(AG6)/60 -> 0 | AJ6: =AH6+AI6 -> 0 | AL6: =SUM(C6:Q6)-AJ6 -> 0
A7: =A6+1 -> 46269 | B7: =IFERROR(VLOOKUP(A7, Feiertage!$B:$C, 2, 0), IF(OR(WEEKDAY(A7,2)=6, WEEKDAY(A7,2)=7), Feiertage!$C$23, "")) | R7: =IF(OR(WEEKDAY(A7,2)=6,WEEKDAY(A7,2)=7),0,IFERROR(IF(VLOOKUP(A7,Feiertage!$B:$D,3,0)="ja",0,Summen!$B$9),Summen!$B$9)) -> 8.4 | S7: =SUM(C7:Q7) -> 0 | T7: =S7-R7 -> -8.4 | U7: =U6+T7 -> -121.96 | X7: =V7+W7*Summen!$B$44 -> 0 | AG7: =(Z7-Y7)+(AB7-AA7)+(AD7-AC7)+(AF7-AE7) -> 0 | AH7: =HOUR(AG7) -> 0 | AI7: =MINUTE(AG7)/60 -> 0 | AJ7: =AH7+AI7 -> 0 | AL7: =SUM(C7:Q7)-AJ7 -> 0
A8: =A7+1 -> 46270 | B8: =IFERROR(VLOOKUP(A8, Feiertage!$B:$C, 2, 0), IF(OR(WEEKDAY(A8,2)=6, WEEKDAY(A8,2)=7), Feiertage!$C$23, "")) -> * * * * * * * * Wochenende * * * * * * * * * * * * * * * * * * * * * * * * * * * * * * * * * * * * * * * * * * * * * * * * | R8: =IF(OR(WEEKDAY(A8,2)=6,WEEKDAY(A8,2)=7),0,IFERROR(IF(VLOOKUP(A8,Feiertage!$B:$D,3,0)="ja",0,Summen!$B$9),Summen!$B$9)) -> 0 | S8: =SUM(C8:Q8) -> 0 | T8: =S8-R8 -> 0 | U8: =U7+T8 -> -121.96 | X8: =V8+W8*Summen!$B$44 -> 0 | AG8: =(Z8-Y8)+(AB8-AA8)+(AD8-AC8)+(AF8-AE8) -> 0 | AH8: =HOUR(AG8) -> 0 | AI8: =MINUTE(AG8)/60 -> 0 | AJ8: =AH8+AI8 -> 0 | AL8: =SUM(C8:Q8)-AJ8 -> 0
A9: =A8+1 -> 46271 | B9: =IFERROR(VLOOKUP(A9, Feiertage!$B:$C, 2, 0), IF(OR(WEEKDAY(A9,2)=6, WEEKDAY(A9,2)=7), Feiertage!$C$23, "")) -> * * * * * * * * Wochenende * * * * * * * * * * * * * * * * * * * * * * * * * * * * * * * * * * * * * * * * * * * * * * * * | R9: =IF(OR(WEEKDAY(A9,2)=6,WEEKDAY(A9,2)=7),0,IFERROR(IF(VLOOKUP(A9,Feiertage!$B:$D,3,0)="ja",0,Summen!$B$9),Summen!$B$9)) -> 0 | S9: =SUM(C9:Q9) -> 0 | T9: =S9-R9 -> 0 | U9: =U8+T9 -> -121.96 | X9: =V9+W9*Summen!$B$44 -> 0 | AG9: =(Z9-Y9)+(AB9-AA9)+(AD9-AC9)+(AF9-AE9) -> 0 | AH9: =HOUR(AG9) -> 0 | AI9: =MINUTE(AG9)/60 -> 0 | AJ9: =AH9+AI9 -> 0 | AL9: =SUM(C9:Q9)-AJ9 -> 0
A10: =A9+1 -> 46272 | B10: =IFERROR(VLOOKUP(A10, Feiertage!$B:$C, 2, 0), IF(OR(WEEKDAY(A10,2)=6, WEEKDAY(A10,2)=7), Feiertage!$C$23, "")) | R10: =IF(OR(WEEKDAY(A10,2)=6,WEEKDAY(A10,2)=7),0,IFERROR(IF(VLOOKUP(A10,Feiertage!$B:$D,3,0)="ja",0,Summen!$B$9),Summen!$B$9)) -> 8.4 | S10: =SUM(C10:Q10) -> 0 | T10: =S10-R10 -> -8.4 | U10: =U9+T10 -> -130.36 | X10: =V10+W10*Summen!$B$44 -> 0 | AG10: =(Z10-Y10)+(AB10-AA10)+(AD10-AC10)+(AF10-AE10) -> 0 | AH10: =HOUR(AG10) -> 0 | AI10: =MINUTE(AG10)/60 -> 0 | AJ10: =AH10+AI10 -> 0 | AL10: =SUM(C10:Q10)-AJ10 -> 0
A11: =A10+1 -> 46273 | B11: =IFERROR(VLOOKUP(A11, Feiertage!$B:$C, 2, 0), IF(OR(WEEKDAY(A11,2)=6, WEEKDAY(A11,2)=7), Feiertage!$C$23, "")) | R11: =IF(OR(WEEKDAY(A11,2)=6,WEEKDAY(A11,2)=7),0,IFERROR(IF(VLOOKUP(A11,Feiertage!$B:$D,3,0)="ja",0,Summen!$B$9),Summen!$B$9)) -> 8.4 | S11: =SUM(C11:Q11) -> 0 | T11: =S11-R11 -> -8.4 | U11: =U10+T11 -> -138.76 | X11: =V11+W11*Summen!$B$44 -> 0 | AG11: =(Z11-Y11)+(AB11-AA11)+(AD11-AC11)+(AF11-AE11) -> 0 | AH11: =HOUR(AG11) -> 0 | AI11: =MINUTE(AG11)/60 -> 0 | AJ11: =AH11+AI11 -> 0 | AL11: =SUM(C11:Q11)-AJ11 -> 0
A12: =A11+1 -> 46274 | B12: =IFERROR(VLOOKUP(A12, Feiertage!$B:$C, 2, 0), IF(OR(WEEKDAY(A12,2)=6, WEEKDAY(A12,2)=7), Feiertage!$C$23, "")) | R12: =IF(OR(WEEKDAY(A12,2)=6,WEEKDAY(A12,2)=7),0,IFERROR(IF(VLOOKUP(A12,Feiertage!$B:$D,3,0)="ja",0,Summen!$B$9),Summen!$B$9)) -> 8.4 | S12: =SUM(C12:Q12) -> 0 | T12: =S12-R12 -> -8.4 | U12: =U11+T12 -> -147.16 | X12: =V12+W12*Summen!$B$44 -> 0 | AG12: =(Z12-Y12)+(AB12-AA12)+(AD12-AC12)+(AF12-AE12) -> 0 | AH12: =HOUR(AG12) -> 0 | AI12: =MINUTE(AG12)/60 -> 0 | AJ12: =AH12+AI12 -> 0 | AL12: =SUM(C12:Q12)-AJ12 -> 0
A13: =A12+1 -> 46275 | B13: =IFERROR(VLOOKUP(A13, Feiertage!$B:$C, 2, 0), IF(OR(WEEKDAY(A13,2)=6, WEEKDAY(A13,2)=7), Feiertage!$C$23, "")) | R13: =IF(OR(WEEKDAY(A13,2)=6,WEEKDAY(A13,2)=7),0,IFERROR(IF(VLOOKUP(A13,Feiertage!$B:$D,3,0)="ja",0,Summen!$B$9),Summen!$B$9)) -> 8.4 | S13: =SUM(C13:Q13) -> 0 | T13: =S13-R13 -> -8.4 | U13: =U12+T13 -> -155.56 | X13: =V13+W13*Summen!$B$44 -> 0 | AG13: =(Z13-Y13)+(AB13-AA13)+(AD13-AC13)+(AF13-AE13) -> 0 | AH13: =HOUR(AG13) -> 0 | AI13: =MINUTE(AG13)/60 -> 0 | AJ13: =AH13+AI13 -> 0 | AL13: =SUM(C13:Q13)-AJ13 -> 0
A14: =A13+1 -> 46276 | B14: =IFERROR(VLOOKUP(A14, Feiertage!$B:$C, 2, 0), IF(OR(WEEKDAY(A14,2)=6, WEEKDAY(A14,2)=7), Feiertage!$C$23, "")) | R14: =IF(OR(WEEKDAY(A14,2)=6,WEEKDAY(A14,2)=7),0,IFERROR(IF(VLOOKUP(A14,Feiertage!$B:$D,3,0)="ja",0,Summen!$B$9),Summen!$B$9)) -> 8.4 | S14: =SUM(C14:Q14) -> 0 | T14: =S14-R14 -> -8.4 | U14: =U13+T14 -> -163.96 | X14: =V14+W14*Summen!$B$44 -> 0 | AG14: =(Z14-Y14)+(AB14-AA14)+(AD14-AC14)+(AF14-AE14) -> 0 | AH14: =HOUR(AG14) -> 0 | AI14: =MINUTE(AG14)/60 -> 0 | AJ14: =AH14+AI14 -> 0 | AL14: =SUM(C14:Q14)-AJ14 -> 0
A15: =A14+1 -> 46277 | B15: =IFERROR(VLOOKUP(A15, Feiertage!$B:$C, 2, 0), IF(OR(WEEKDAY(A15,2)=6, WEEKDAY(A15,2)=7), Feiertage!$C$23, "")) -> * * * * * * * * Wochenende * * * * * * * * * * * * * * * * * * * * * * * * * * * * * * * * * * * * * * * * * * * * * * * * | R15: =IF(OR(WEEKDAY(A15,2)=6,WEEKDAY(A15,2)=7),0,IFERROR(IF(VLOOKUP(A15,Feiertage!$B:$D,3,0)="ja",0,Summen!$B$9),Summen!$B$9)) -> 0 | S15: =SUM(C15:Q15) -> 0 | T15: =S15-R15 -> 0 | U15: =U14+T15 -> -163.96 | X15: =V15+W15*Summen!$B$44 -> 0 | AG15: =(Z15-Y15)+(AB15-AA15)+(AD15-AC15)+(AF15-AE15) -> 0 | AH15: =HOUR(AG15) -> 0 | AI15: =MINUTE(AG15)/60 -> 0 | AJ15: =AH15+AI15 -> 0 | AL15: =SUM(C15:Q15)-AJ15 -> 0
A16: =A15+1 -> 46278 | B16: =IFERROR(VLOOKUP(A16, Feiertage!$B:$C, 2, 0), IF(OR(WEEKDAY(A16,2)=6, WEEKDAY(A16,2)=7), Feiertage!$C$23, "")) -> * * * * * * * * Wochenende * * * * * * * * * * * * * * * * * * * * * * * * * * * * * * * * * * * * * * * * * * * * * * * * | R16: =IF(OR(WEEKDAY(A16,2)=6,WEEKDAY(A16,2)=7),0,IFERROR(IF(VLOOKUP(A16,Feiertage!$B:$D,3,0)="ja",0,Summen!$B$9),Summen!$B$9)) -> 0 | S16: =SUM(C16:Q16) -> 0 | T16: =S16-R16 -> 0 | U16: =U15+T16 -> -163.96 | X16: =V16+W16*Summen!$B$44 -> 0 | AG16: =(Z16-Y16)+(AB16-AA16)+(AD16-AC16)+(AF16-AE16) -> 0 | AH16: =HOUR(AG16) -> 0 | AI16: =MINUTE(AG16)/60 -> 0 | AJ16: =AH16+AI16 -> 0 | AL16: =SUM(C16:Q16)-AJ16 -> 0
... A33: =A32+1 -> 46295 | B33: =IFERROR(VLOOKUP(A33, Feiertage!$B:$C, 2, 0), IF(OR(WEEKDAY(A33,2)=6, WEEKDAY(A33,2)=7), Feiertage!$C$23, "")) | R33: =IF(OR(WEEKDAY(A33,2)=6,WEEKDAY(A33,2)=7),0,IFERROR(IF(VLOOKUP(A33,Feiertage!$B:$D,3,0)="ja",0,Summen!$B$9),Summen!$B$9)) -> 8.4 | S33: =SUM(C33:Q33) -> 0 | T33: =S33-R33 -> -8.4 | U33: =U32+T33 -> -273.16 | X33: =V33+W33*Summen!$B$44 -> 0 | AG33: =(Z33-Y33)+(AB33-AA33)+(AD33-AC33)+(AF33-AE33) -> 0 | AH33: =HOUR(AG33) -> 0 | AI33: =MINUTE(AG33)/60 -> 0 | AJ33: =AH33+AI33 -> 0 | AL33: =SUM(C33:Q33)-AJ33 -> 0
A34: Total | C34: =SUM(C4:C33) -> 0 | D34: =SUM(D4:D33) -> 0 | E34: =SUM(E4:E33) -> 0 | F34: =SUM(F4:F33) -> 0 | G34: =SUM(G4:G33) -> 0 | H34: =SUM(H4:H33) -> 0 | I34: =SUM(I4:I33) -> 0 | J34: =SUM(J4:J33) -> 0 | ... T34: =SUM(T4:T33) -> -176.4 | U34: =U33 -> -273.16 | V34: =SUM(V4:V33) -> 0 | W34: =SUM(W4:W33)*Summen!$B$44 -> 0 | X34: =V34+W34 -> 0 | AJ34: =SUM(AJ4:AJ33) -> 0 | AL34: =SUM(C34:Q34)-AJ34 -> 0

Sheet Okt
A1: =Summen!B1 -> Alta Engineering AG | F1: Monatsblatt | H1: Name: | J1: =Summen!B3 -> Michael Küng | N1: Monat: | P1: =Sep!P1+30 -> 46296 | S1: Anstellung : | U1: =Summen!B5 -> 1 | W1: Blatt Nr. | X1: =Sep!X1+1 -> 10
C2: Ferien: | E2: =Summen!B18 -> 10.8 | F2: Bezogen: | H2: =Sep!H2+(Sep!Q34/Summen!B9) -> 1 | I2: Rest: | J2: =E2-H2 -> 9.8 | T2: Stundenübertrag Vormonat : | U2: =Sep!U34 -> -273.16 | V2: Spesen
A3: Projekte | L3: krank | M3: Reisezeit | N3: CAD | O3: Ausbildung | P3: Büro | Q3: Ferien | R3: Soll | S3: Ist | T3: +/- | U3: Stand | V3: Fr. | W3: Km | X3: Summe | Y3: Start [hh:mm] | Z3: Stop [hh:mm] | AA3: Start [hh:mm] | AB3: Stop [hh:mm] | AC3: Start [hh:mm] | AD3: Stop [hh:mm] | AE3: Start [hh:mm] | AF3: Stop [hh:mm] | AG3: Ist-Zeit [hh:mm] | AH3: Ist-Zeit [hh] | AI3: Ist-Zeit [.hh] | AJ3: Ist-Zeit [h.h] | AL3: Aufteilung - Istzeit
A4: =P1 -> 46296 | B4: =IFERROR(VLOOKUP(A4, Feiertage!$B:$C, 2, 0), IF(OR(WEEKDAY(A4,2)=6, WEEKDAY(A4,2)=7), Feiertage!$C$23, "")) | R4: =IF(OR(WEEKDAY(A4,2)=6,WEEKDAY(A4,2)=7),0,IFERROR(IF(VLOOKUP(A4,Feiertage!$B:$D,3,0)="ja",0,Summen!$B$9),Summen!$B$9)) -> 8.4 | S4: =SUM(C4:Q4) -> 0 | T4: =S4-R4 -> -8.4 | U4: =U2+T4 -> -281.56 | X4: =V4+W4*Summen!$B$44 -> 0 | AG4: =(Z4-Y4)+(AB4-AA4)+(AD4-AC4)+(AF4-AE4) -> 0 | AH4: =HOUR(AG4) -> 0 | AI4: =MINUTE(AG4)/60 -> 0 | AJ4: =AH4+AI4 -> 0 | AL4: =SUM(C4:Q4)-AJ4 -> 0
A5: =A4+1 -> 46297 | B5: =IFERROR(VLOOKUP(A5, Feiertage!$B:$C, 2, 0), IF(OR(WEEKDAY(A5,2)=6, WEEKDAY(A5,2)=7), Feiertage!$C$23, "")) | R5: =IF(OR(WEEKDAY(A5,2)=6,WEEKDAY(A5,2)=7),0,IFERROR(IF(VLOOKUP(A5,Feiertage!$B:$D,3,0)="ja",0,Summen!$B$9),Summen!$B$9)) -> 8.4 | S5: =SUM(C5:Q5) -> 0 | T5: =S5-R5 -> -8.4 | U5: =U4+T5 -> -289.96 | X5: =V5+W5*Summen!$B$44 -> 0 | AG5: =(Z5-Y5)+(AB5-AA5)+(AD5-AC5)+(AF5-AE5) -> 0 | AH5: =HOUR(AG5) -> 0 | AI5: =MINUTE(AG5)/60 -> 0 | AJ5: =AH5+AI5 -> 0 | AL5: =SUM(C5:Q5)-AJ5 -> 0
A6: =A5+1 -> 46298 | B6: =IFERROR(VLOOKUP(A6, Feiertage!$B:$C, 2, 0), IF(OR(WEEKDAY(A6,2)=6, WEEKDAY(A6,2)=7), Feiertage!$C$23, "")) -> * * * * * * * * Wochenende * * * * * * * * * * * * * * * * * * * * * * * * * * * * * * * * * * * * * * * * * * * * * * * * | R6: =IF(OR(WEEKDAY(A6,2)=6,WEEKDAY(A6,2)=7),0,IFERROR(IF(VLOOKUP(A6,Feiertage!$B:$D,3,0)="ja",0,Summen!$B$9),Summen!$B$9)) -> 0 | S6: =SUM(C6:Q6) -> 0 | T6: =S6-R6 -> 0 | U6: =U5+T6 -> -289.96 | X6: =V6+W6*Summen!$B$44 -> 0 | AG6: =(Z6-Y6)+(AB6-AA6)+(AD6-AC6)+(AF6-AE6) -> 0 | AH6: =HOUR(AG6) -> 0 | AI6: =MINUTE(AG6)/60 -> 0 | AJ6: =AH6+AI6 -> 0 | AL6: =SUM(C6:Q6)-AJ6 -> 0
A7: =A6+1 -> 46299 | B7: =IFERROR(VLOOKUP(A7, Feiertage!$B:$C, 2, 0), IF(OR(WEEKDAY(A7,2)=6, WEEKDAY(A7,2)=7), Feiertage!$C$23, "")) -> * * * * * * * * Wochenende * * * * * * * * * * * * * * * * * * * * * * * * * * * * * * * * * * * * * * * * * * * * * * * * | R7: =IF(OR(WEEKDAY(A7,2)=6,WEEKDAY(A7,2)=7),0,IFERROR(IF(VLOOKUP(A7,Feiertage!$B:$D,3,0)="ja",0,Summen!$B$9),Summen!$B$9)) -> 0 | S7: =SUM(C7:Q7) -> 0 | T7: =S7-R7 -> 0 | U7: =U6+T7 -> -289.96 | X7: =V7+W7*Summen!$B$44 -> 0 | AG7: =(Z7-Y7)+(AB7-AA7)+(AD7-AC7)+(AF7-AE7) -> 0 | AH7: =HOUR(AG7) -> 0 | AI7: =MINUTE(AG7)/60 -> 0 | AJ7: =AH7+AI7 -> 0 | AL7: =SUM(C7:Q7)-AJ7 -> 0
A8: =A7+1 -> 46300 | B8: =IFERROR(VLOOKUP(A8, Feiertage!$B:$C, 2, 0), IF(OR(WEEKDAY(A8,2)=6, WEEKDAY(A8,2)=7), Feiertage!$C$23, "")) | R8: =IF(OR(WEEKDAY(A8,2)=6,WEEKDAY(A8,2)=7),0,IFERROR(IF(VLOOKUP(A8,Feiertage!$B:$D,3,0)="ja",0,Summen!$B$9),Summen!$B$9)) -> 8.4 | S8: =SUM(C8:Q8) -> 0 | T8: =S8-R8 -> -8.4 | U8: =U7+T8 -> -298.36 | X8: =V8+W8*Summen!$B$44 -> 0 | AG8: =(Z8-Y8)+(AB8-AA8)+(AD8-AC8)+(AF8-AE8) -> 0 | AH8: =HOUR(AG8) -> 0 | AI8: =MINUTE(AG8)/60 -> 0 | AJ8: =AH8+AI8 -> 0 | AL8: =SUM(C8:Q8)-AJ8 -> 0
A9: =A8+1 -> 46301 | B9: =IFERROR(VLOOKUP(A9, Feiertage!$B:$C, 2, 0), IF(OR(WEEKDAY(A9,2)=6, WEEKDAY(A9,2)=7), Feiertage!$C$23, "")) | R9: =IF(OR(WEEKDAY(A9,2)=6,WEEKDAY(A9,2)=7),0,IFERROR(IF(VLOOKUP(A9,Feiertage!$B:$D,3,0)="ja",0,Summen!$B$9),Summen!$B$9)) -> 8.4 | S9: =SUM(C9:Q9) -> 0 | T9: =S9-R9 -> -8.4 | U9: =U8+T9 -> -306.76 | X9: =V9+W9*Summen!$B$44 -> 0 | AG9: =(Z9-Y9)+(AB9-AA9)+(AD9-AC9)+(AF9-AE9) -> 0 | AH9: =HOUR(AG9) -> 0 | AI9: =MINUTE(AG9)/60 -> 0 | AJ9: =AH9+AI9 -> 0 | AL9: =SUM(C9:Q9)-AJ9 -> 0
A10: =A9+1 -> 46302 | B10: =IFERROR(VLOOKUP(A10, Feiertage!$B:$C, 2, 0), IF(OR(WEEKDAY(A10,2)=6, WEEKDAY(A10,2)=7), Feiertage!$C$23, "")) | R10: =IF(OR(WEEKDAY(A10,2)=6,WEEKDAY(A10,2)=7),0,IFERROR(IF(VLOOKUP(A10,Feiertage!$B:$D,3,0)="ja",0,Summen!$B$9),Summen!$B$9)) -> 8.4 | S10: =SUM(C10:Q10) -> 0 | T10: =S10-R10 -> -8.4 | U10: =U9+T10 -> -315.16 | X10: =V10+W10*Summen!$B$44 -> 0 | AG10: =(Z10-Y10)+(AB10-AA10)+(AD10-AC10)+(AF10-AE10) -> 0 | AH10: =HOUR(AG10) -> 0 | AI10: =MINUTE(AG10)/60 -> 0 | AJ10: =AH10+AI10 -> 0 | AL10: =SUM(C10:Q10)-AJ10 -> 0
A11: =A10+1 -> 46303 | B11: =IFERROR(VLOOKUP(A11, Feiertage!$B:$C, 2, 0), IF(OR(WEEKDAY(A11,2)=6, WEEKDAY(A11,2)=7), Feiertage!$C$23, "")) | R11: =IF(OR(WEEKDAY(A11,2)=6,WEEKDAY(A11,2)=7),0,IFERROR(IF(VLOOKUP(A11,Feiertage!$B:$D,3,0)="ja",0,Summen!$B$9),Summen!$B$9)) -> 8.4 | S11: =SUM(C11:Q11) -> 0 | T11: =S11-R11 -> -8.4 | U11: =U10+T11 -> -323.56 | X11: =V11+W11*Summen!$B$44 -> 0 | AG11: =(Z11-Y11)+(AB11-AA11)+(AD11-AC11)+(AF11-AE11) -> 0 | AH11: =HOUR(AG11) -> 0 | AI11: =MINUTE(AG11)/60 -> 0 | AJ11: =AH11+AI11 -> 0 | AL11: =SUM(C11:Q11)-AJ11 -> 0
A12: =A11+1 -> 46304 | B12: =IFERROR(VLOOKUP(A12, Feiertage!$B:$C, 2, 0), IF(OR(WEEKDAY(A12,2)=6, WEEKDAY(A12,2)=7), Feiertage!$C$23, "")) | R12: =IF(OR(WEEKDAY(A12,2)=6,WEEKDAY(A12,2)=7),0,IFERROR(IF(VLOOKUP(A12,Feiertage!$B:$D,3,0)="ja",0,Summen!$B$9),Summen!$B$9)) -> 8.4 | S12: =SUM(C12:Q12) -> 0 | T12: =S12-R12 -> -8.4 | U12: =U11+T12 -> -331.96 | X12: =V12+W12*Summen!$B$44 -> 0 | AG12: =(Z12-Y12)+(AB12-AA12)+(AD12-AC12)+(AF12-AE12) -> 0 | AH12: =HOUR(AG12) -> 0 | AI12: =MINUTE(AG12)/60 -> 0 | AJ12: =AH12+AI12 -> 0 | AL12: =SUM(C12:Q12)-AJ12 -> 0
A13: =A12+1 -> 46305 | B13: =IFERROR(VLOOKUP(A13, Feiertage!$B:$C, 2, 0), IF(OR(WEEKDAY(A13,2)=6, WEEKDAY(A13,2)=7), Feiertage!$C$23, "")) -> * * * * * * * * Wochenende * * * * * * * * * * * * * * * * * * * * * * * * * * * * * * * * * * * * * * * * * * * * * * * * | R13: =IF(OR(WEEKDAY(A13,2)=6,WEEKDAY(A13,2)=7),0,IFERROR(IF(VLOOKUP(A13,Feiertage!$B:$D,3,0)="ja",0,Summen!$B$9),Summen!$B$9)) -> 0 | S13: =SUM(C13:Q13) -> 0 | T13: =S13-R13 -> 0 | U13: =U12+T13 -> -331.96 | X13: =V13+W13*Summen!$B$44 -> 0 | AG13: =(Z13-Y13)+(AB13-AA13)+(AD13-AC13)+(AF13-AE13) -> 0 | AH13: =HOUR(AG13) -> 0 | AI13: =MINUTE(AG13)/60 -> 0 | AJ13: =AH13+AI13 -> 0 | AL13: =SUM(C13:Q13)-AJ13 -> 0
A14: =A13+1 -> 46306 | B14: =IFERROR(VLOOKUP(A14, Feiertage!$B:$C, 2, 0), IF(OR(WEEKDAY(A14,2)=6, WEEKDAY(A14,2)=7), Feiertage!$C$23, "")) -> * * * * * * * * Wochenende * * * * * * * * * * * * * * * * * * * * * * * * * * * * * * * * * * * * * * * * * * * * * * * * | R14: =IF(OR(WEEKDAY(A14,2)=6,WEEKDAY(A14,2)=7),0,IFERROR(IF(VLOOKUP(A14,Feiertage!$B:$D,3,0)="ja",0,Summen!$B$9),Summen!$B$9)) -> 0 | S14: =SUM(C14:Q14) -> 0 | T14: =S14-R14 -> 0 | U14: =U13+T14 -> -331.96 | X14: =V14+W14*Summen!$B$44 -> 0 | AG14: =(Z14-Y14)+(AB14-AA14)+(AD14-AC14)+(AF14-AE14) -> 0 | AH14: =HOUR(AG14) -> 0 | AI14: =MINUTE(AG14)/60 -> 0 | AJ14: =AH14+AI14 -> 0 | AL14: =SUM(C14:Q14)-AJ14 -> 0
A15: =A14+1 -> 46307 | B15: =IFERROR(VLOOKUP(A15, Feiertage!$B:$C, 2, 0), IF(OR(WEEKDAY(A15,2)=6, WEEKDAY(A15,2)=7), Feiertage!$C$23, "")) | R15: =IF(OR(WEEKDAY(A15,2)=6,WEEKDAY(A15,2)=7),0,IFERROR(IF(VLOOKUP(A15,Feiertage!$B:$D,3,0)="ja",0,Summen!$B$9),Summen!$B$9)) -> 8.4 | S15: =SUM(C15:Q15) -> 0 | T15: =S15-R15 -> -8.4 | U15: =U14+T15 -> -340.36 | X15: =V15+W15*Summen!$B$44 -> 0 | AG15: =(Z15-Y15)+(AB15-AA15)+(AD15-AC15)+(AF15-AE15) -> 0 | AH15: =HOUR(AG15) -> 0 | AI15: =MINUTE(AG15)/60 -> 0 | AJ15: =AH15+AI15 -> 0 | AL15: =SUM(C15:Q15)-AJ15 -> 0
A16: =A15+1 -> 46308 | B16: =IFERROR(VLOOKUP(A16, Feiertage!$B:$C, 2, 0), IF(OR(WEEKDAY(A16,2)=6, WEEKDAY(A16,2)=7), Feiertage!$C$23, "")) | R16: =IF(OR(WEEKDAY(A16,2)=6,WEEKDAY(A16,2)=7),0,IFERROR(IF(VLOOKUP(A16,Feiertage!$B:$D,3,0)="ja",0,Summen!$B$9),Summen!$B$9)) -> 8.4 | S16: =SUM(C16:Q16) -> 0 | T16: =S16-R16 -> -8.4 | U16: =U15+T16 -> -348.76 | X16: =V16+W16*Summen!$B$44 -> 0 | AG16: =(Z16-Y16)+(AB16-AA16)+(AD16-AC16)+(AF16-AE16) -> 0 | AH16: =HOUR(AG16) -> 0 | AI16: =MINUTE(AG16)/60 -> 0 | AJ16: =AH16+AI16 -> 0 | AL16: =SUM(C16:Q16)-AJ16 -> 0
... A34: =A33+1 -> 46326 | B34: =IFERROR(VLOOKUP(A34, Feiertage!$B:$C, 2, 0), IF(OR(WEEKDAY(A34,2)=6, WEEKDAY(A34,2)=7), Feiertage!$C$23, "")) -> * * * * * * * * Wochenende * * * * * * * * * * * * * * * * * * * * * * * * * * * * * * * * * * * * * * * * * * * * * * * * | R34: =IF(OR(WEEKDAY(A34,2)=6,WEEKDAY(A34,2)=7),0,IFERROR(IF(VLOOKUP(A34,Feiertage!$B:$D,3,0)="ja",0,Summen!$B$9),Summen!$B$9)) -> 0 | S34: =SUM(C34:Q34) -> 0 | T34: =S34-R34 -> 0 | U34: =U33+T34 -> -457.96 | X34: =V34+W34*Summen!$B$44 -> 0 | AG34: =(Z34-Y34)+(AB34-AA34)+(AD34-AC34)+(AF34-AE34) -> 0 | AH34: =HOUR(AG34) -> 0 | AI34: =MINUTE(AG34)/60 -> 0 | AJ34: =AH34+AI34 -> 0 | AL34: =SUM(C34:Q34)-AJ34 -> 0
A35: Total | C35: =SUM(C4:C34) -> 0 | D35: =SUM(D4:D34) -> 0 | E35: =SUM(E4:E34) -> 0 | F35: =SUM(F4:F34) -> 0 | G35: =SUM(G4:G34) -> 0 | H35: =SUM(H4:H34) -> 0 | I35: =SUM(I4:I34) -> 0 | J35: =SUM(J4:J34) -> 0 | ... T35: =SUM(T4:T34) -> -184.8 | U35: =U34 -> -457.96 | V35: =SUM(V4:V34) -> 0 | W35: =SUM(W4:W34)*Summen!$B$44 -> 0 | X35: =V35+W35 -> 0 | AJ35: =SUM(AJ4:AJ34) -> 0 | AL35: =SUM(C35:Q35)-AJ35 -> 0

Sheet Nov
A1: =Summen!B1 -> Alta Engineering AG | F1: Monatsblatt | H1: Name: | J1: =Summen!B3 -> Michael Küng | N1: Monat: | P1: =Okt!P1+31 -> 46327 | S1: Anstellung : | U1: =Summen!B5 -> 1 | W1: Blatt Nr. | X1: =Okt!X1+1 -> 11
C2: Ferien: | E2: =Summen!B18 -> 10.8 | F2: Bezogen: | H2: =Okt!H2+(Okt!Q35/Summen!B9) -> 1 | I2: Rest: | J2: =E2-H2 -> 9.8 | T2: Stundenübertrag Vormonat : | U2: =Okt!U35 -> -457.96 | V2: Spesen
A3: Projekte | L3: krank | M3: Reisezeit | N3: CAD | O3: Ausbildung | P3: Büro | Q3: Ferien | R3: Soll | S3: Ist | T3: +/- | U3: Stand | V3: Fr. | W3: Km | X3: Summe | Y3: Start [hh:mm] | Z3: Stop [hh:mm] | AA3: Start [hh:mm] | AB3: Stop [hh:mm] | AC3: Start [hh:mm] | AD3: Stop [hh:mm] | AE3: Start [hh:mm] | AF3: Stop [hh:mm] | AG3: Ist-Zeit [hh:mm] | AH3: Ist-Zeit [hh] | AI3: Ist-Zeit [.hh] | AJ3: Ist-Zeit [h.h] | AL3: Aufteilung - Istzeit
A4: =P1 -> 46327 | B4: =IFERROR(VLOOKUP(A4, Feiertage!$B:$C, 2, 0), IF(OR(WEEKDAY(A4,2)=6, WEEKDAY(A4,2)=7), Feiertage!$C$23, "")) -> * * * * * * * * Allerheiligen * * * * * * * * * * * * * * * * * * * * * * * * * * * * * * * * * * * * * * * * * * * * * * * * * | R4: =IF(OR(WEEKDAY(A4,2)=6,WEEKDAY(A4,2)=7),0,IFERROR(IF(VLOOKUP(A4,Feiertage!$B:$D,3,0)="ja",0,Summen!$B$9),Summen!$B$9)) -> 0 | S4: =SUM(C4:Q4) -> 0 | T4: =S4-R4 -> 0 | U4: =U2+T4 -> -457.96 | X4: =V4+W4*Summen!$B$44 -> 0 | AG4: =(Z4-Y4)+(AB4-AA4)+(AD4-AC4)+(AF4-AE4) -> 0 | AH4: =HOUR(AG4) -> 0 | AI4: =MINUTE(AG4)/60 -> 0 | AJ4: =AH4+AI4 -> 0 | AL4: =SUM(C4:Q4)-AJ4 -> 0
A5: =A4+1 -> 46328 | B5: =IFERROR(VLOOKUP(A5, Feiertage!$B:$C, 2, 0), IF(OR(WEEKDAY(A5,2)=6, WEEKDAY(A5,2)=7), Feiertage!$C$23, "")) | R5: =IF(OR(WEEKDAY(A5,2)=6,WEEKDAY(A5,2)=7),0,IFERROR(IF(VLOOKUP(A5,Feiertage!$B:$D,3,0)="ja",0,Summen!$B$9),Summen!$B$9)) -> 8.4 | S5: =SUM(C5:Q5) -> 0 | T5: =S5-R5 -> -8.4 | U5: =U4+T5 -> -466.36 | X5: =V5+W5*Summen!$B$44 -> 0 | AG5: =(Z5-Y5)+(AB5-AA5)+(AD5-AC5)+(AF5-AE5) -> 0 | AH5: =HOUR(AG5) -> 0 | AI5: =MINUTE(AG5)/60 -> 0 | AJ5: =AH5+AI5 -> 0 | AL5: =SUM(C5:Q5)-AJ5 -> 0
A6: =A5+1 -> 46329 | B6: =IFERROR(VLOOKUP(A6, Feiertage!$B:$C, 2, 0), IF(OR(WEEKDAY(A6,2)=6, WEEKDAY(A6,2)=7), Feiertage!$C$23, "")) | R6: =IF(OR(WEEKDAY(A6,2)=6,WEEKDAY(A6,2)=7),0,IFERROR(IF(VLOOKUP(A6,Feiertage!$B:$D,3,0)="ja",0,Summen!$B$9),Summen!$B$9)) -> 8.4 | S6: =SUM(C6:Q6) -> 0 | T6: =S6-R6 -> -8.4 | U6: =U5+T6 -> -474.76 | X6: =V6+W6*Summen!$B$44 -> 0 | AG6: =(Z6-Y6)+(AB6-AA6)+(AD6-AC6)+(AF6-AE6) -> 0 | AH6: =HOUR(AG6) -> 0 | AI6: =MINUTE(AG6)/60 -> 0 | AJ6: =AH6+AI6 -> 0 | AL6: =SUM(C6:Q6)-AJ6 -> 0
A7: =A6+1 -> 46330 | B7: =IFERROR(VLOOKUP(A7, Feiertage!$B:$C, 2, 0), IF(OR(WEEKDAY(A7,2)=6, WEEKDAY(A7,2)=7), Feiertage!$C$23, "")) | R7: =IF(OR(WEEKDAY(A7,2)=6,WEEKDAY(A7,2)=7),0,IFERROR(IF(VLOOKUP(A7,Feiertage!$B:$D,3,0)="ja",0,Summen!$B$9),Summen!$B$9)) -> 8.4 | S7: =SUM(C7:Q7) -> 0 | T7: =S7-R7 -> -8.4 | U7: =U6+T7 -> -483.16 | X7: =V7+W7*Summen!$B$44 -> 0 | AG7: =(Z7-Y7)+(AB7-AA7)+(AD7-AC7)+(AF7-AE7) -> 0 | AH7: =HOUR(AG7) -> 0 | AI7: =MINUTE(AG7)/60 -> 0 | AJ7: =AH7+AI7 -> 0 | AL7: =SUM(C7:Q7)-AJ7 -> 0
A8: =A7+1 -> 46331 | B8: =IFERROR(VLOOKUP(A8, Feiertage!$B:$C, 2, 0), IF(OR(WEEKDAY(A8,2)=6, WEEKDAY(A8,2)=7), Feiertage!$C$23, "")) | R8: =IF(OR(WEEKDAY(A8,2)=6,WEEKDAY(A8,2)=7),0,IFERROR(IF(VLOOKUP(A8,Feiertage!$B:$D,3,0)="ja",0,Summen!$B$9),Summen!$B$9)) -> 8.4 | S8: =SUM(C8:Q8) -> 0 | T8: =S8-R8 -> -8.4 | U8: =U7+T8 -> -491.56 | X8: =V8+W8*Summen!$B$44 -> 0 | AG8: =(Z8-Y8)+(AB8-AA8)+(AD8-AC8)+(AF8-AE8) -> 0 | AH8: =HOUR(AG8) -> 0 | AI8: =MINUTE(AG8)/60 -> 0 | AJ8: =AH8+AI8 -> 0 | AL8: =SUM(C8:Q8)-AJ8 -> 0
A9: =A8+1 -> 46332 | B9: =IFERROR(VLOOKUP(A9, Feiertage!$B:$C, 2, 0), IF(OR(WEEKDAY(A9,2)=6, WEEKDAY(A9,2)=7), Feiertage!$C$23, "")) | R9: =IF(OR(WEEKDAY(A9,2)=6,WEEKDAY(A9,2)=7),0,IFERROR(IF(VLOOKUP(A9,Feiertage!$B:$D,3,0)="ja",0,Summen!$B$9),Summen!$B$9)) -> 8.4 | S9: =SUM(C9:Q9) -> 0 | T9: =S9-R9 -> -8.4 | U9: =U8+T9 -> -499.96 | X9: =V9+W9*Summen!$B$44 -> 0 | AG9: =(Z9-Y9)+(AB9-AA9)+(AD9-AC9)+(AF9-AE9) -> 0 | AH9: =HOUR(AG9) -> 0 | AI9: =MINUTE(AG9)/60 -> 0 | AJ9: =AH9+AI9 -> 0 | AL9: =SUM(C9:Q9)-AJ9 -> 0
A10: =A9+1 -> 46333 | B10: =IFERROR(VLOOKUP(A10, Feiertage!$B:$C, 2, 0), IF(OR(WEEKDAY(A10,2)=6, WEEKDAY(A10,2)=7), Feiertage!$C$23, "")) -> * * * * * * * * Wochenende * * * * * * * * * * * * * * * * * * * * * * * * * * * * * * * * * * * * * * * * * * * * * * * * | R10: =IF(OR(WEEKDAY(A10,2)=6,WEEKDAY(A10,2)=7),0,IFERROR(IF(VLOOKUP(A10,Feiertage!$B:$D,3,0)="ja",0,Summen!$B$9),Summen!$B$9)) -> 0 | S10: =SUM(C10:Q10) -> 0 | T10: =S10-R10 -> 0 | U10: =U9+T10 -> -499.96 | X10: =V10+W10*Summen!$B$44 -> 0 | AG10: =(Z10-Y10)+(AB10-AA10)+(AD10-AC10)+(AF10-AE10) -> 0 | AH10: =HOUR(AG10) -> 0 | AI10: =MINUTE(AG10)/60 -> 0 | AJ10: =AH10+AI10 -> 0 | AL10: =SUM(C10:Q10)-AJ10 -> 0
A11: =A10+1 -> 46334 | B11: =IFERROR(VLOOKUP(A11, Feiertage!$B:$C, 2, 0), IF(OR(WEEKDAY(A11,2)=6, WEEKDAY(A11,2)=7), Feiertage!$C$23, "")) -> * * * * * * * * Wochenende * * * * * * * * * * * * * * * * * * * * * * * * * * * * * * * * * * * * * * * * * * * * * * * * | R11: =IF(OR(WEEKDAY(A11,2)=6,WEEKDAY(A11,2)=7),0,IFERROR(IF(VLOOKUP(A11,Feiertage!$B:$D,3,0)="ja",0,Summen!$B$9),Summen!$B$9)) -> 0 | S11: =SUM(C11:Q11) -> 0 | T11: =S11-R11 -> 0 | U11: =U10+T11 -> -499.96 | X11: =V11+W11*Summen!$B$44 -> 0 | AG11: =(Z11-Y11)+(AB11-AA11)+(AD11-AC11)+(AF11-AE11) -> 0 | AH11: =HOUR(AG11) -> 0 | AI11: =MINUTE(AG11)/60 -> 0 | AJ11: =AH11+AI11 -> 0 | AL11: =SUM(C11:Q11)-AJ11 -> 0
A12: =A11+1 -> 46335 | B12: =IFERROR(VLOOKUP(A12, Feiertage!$B:$C, 2, 0), IF(OR(WEEKDAY(A12,2)=6, WEEKDAY(A12,2)=7), Feiertage!$C$23, "")) | R12: =IF(OR(WEEKDAY(A12,2)=6,WEEKDAY(A12,2)=7),0,IFERROR(IF(VLOOKUP(A12,Feiertage!$B:$D,3,0)="ja",0,Summen!$B$9),Summen!$B$9)) -> 8.4 | S12: =SUM(C12:Q12) -> 0 | T12: =S12-R12 -> -8.4 | U12: =U11+T12 -> -508.36 | X12: =V12+W12*Summen!$B$44 -> 0 | AG12: =(Z12-Y12)+(AB12-AA12)+(AD12-AC12)+(AF12-AE12) -> 0 | AH12: =HOUR(AG12) -> 0 | AI12: =MINUTE(AG12)/60 -> 0 | AJ12: =AH12+AI12 -> 0 | AL12: =SUM(C12:Q12)-AJ12 -> 0
A13: =A12+1 -> 46336 | B13: =IFERROR(VLOOKUP(A13, Feiertage!$B:$C, 2, 0), IF(OR(WEEKDAY(A13,2)=6, WEEKDAY(A13,2)=7), Feiertage!$C$23, "")) | R13: =IF(OR(WEEKDAY(A13,2)=6,WEEKDAY(A13,2)=7),0,IFERROR(IF(VLOOKUP(A13,Feiertage!$B:$D,3,0)="ja",0,Summen!$B$9),Summen!$B$9)) -> 8.4 | S13: =SUM(C13:Q13) -> 0 | T13: =S13-R13 -> -8.4 | U13: =U12+T13 -> -516.76 | X13: =V13+W13*Summen!$B$44 -> 0 | AG13: =(Z13-Y13)+(AB13-AA13)+(AD13-AC13)+(AF13-AE13) -> 0 | AH13: =HOUR(AG13) -> 0 | AI13: =MINUTE(AG13)/60 -> 0 | AJ13: =AH13+AI13 -> 0 | AL13: =SUM(C13:Q13)-AJ13 -> 0
A14: =A13+1 -> 46337 | B14: =IFERROR(VLOOKUP(A14, Feiertage!$B:$C, 2, 0), IF(OR(WEEKDAY(A14,2)=6, WEEKDAY(A14,2)=7), Feiertage!$C$23, "")) | R14: =IF(OR(WEEKDAY(A14,2)=6,WEEKDAY(A14,2)=7),0,IFERROR(IF(VLOOKUP(A14,Feiertage!$B:$D,3,0)="ja",0,Summen!$B$9),Summen!$B$9)) -> 8.4 | S14: =SUM(C14:Q14) -> 0 | T14: =S14-R14 -> -8.4 | U14: =U13+T14 -> -525.16 | X14: =V14+W14*Summen!$B$44 -> 0 | AG14: =(Z14-Y14)+(AB14-AA14)+(AD14-AC14)+(AF14-AE14) -> 0 | AH14: =HOUR(AG14) -> 0 | AI14: =MINUTE(AG14)/60 -> 0 | AJ14: =AH14+AI14 -> 0 | AL14: =SUM(C14:Q14)-AJ14 -> 0
A15: =A14+1 -> 46338 | B15: =IFERROR(VLOOKUP(A15, Feiertage!$B:$C, 2, 0), IF(OR(WEEKDAY(A15,2)=6, WEEKDAY(A15,2)=7), Feiertage!$C$23, "")) | R15: =IF(OR(WEEKDAY(A15,2)=6,WEEKDAY(A15,2)=7),0,IFERROR(IF(VLOOKUP(A15,Feiertage!$B:$D,3,0)="ja",0,Summen!$B$9),Summen!$B$9)) -> 8.4 | S15: =SUM(C15:Q15) -> 0 | T15: =S15-R15 -> -8.4 | U15: =U14+T15 -> -533.56 | X15: =V15+W15*Summen!$B$44 -> 0 | AG15: =(Z15-Y15)+(AB15-AA15)+(AD15-AC15)+(AF15-AE15) -> 0 | AH15: =HOUR(AG15) -> 0 | AI15: =MINUTE(AG15)/60 -> 0 | AJ15: =AH15+AI15 -> 0 | AL15: =SUM(C15:Q15)-AJ15 -> 0
A16: =A15+1 -> 46339 | B16: =IFERROR(VLOOKUP(A16, Feiertage!$B:$C, 2, 0), IF(OR(WEEKDAY(A16,2)=6, WEEKDAY(A16,2)=7), Feiertage!$C$23, "")) | R16: =IF(OR(WEEKDAY(A16,2)=6,WEEKDAY(A16,2)=7),0,IFERROR(IF(VLOOKUP(A16,Feiertage!$B:$D,3,0)="ja",0,Summen!$B$9),Summen!$B$9)) -> 8.4 | S16: =SUM(C16:Q16) -> 0 | T16: =S16-R16 -> -8.4 | U16: =U15+T16 -> -541.96 | X16: =V16+W16*Summen!$B$44 -> 0 | AG16: =(Z16-Y16)+(AB16-AA16)+(AD16-AC16)+(AF16-AE16) -> 0 | AH16: =HOUR(AG16) -> 0 | AI16: =MINUTE(AG16)/60 -> 0 | AJ16: =AH16+AI16 -> 0 | AL16: =SUM(C16:Q16)-AJ16 -> 0
... A33: =A32+1 -> 46356 | B33: =IFERROR(VLOOKUP(A33, Feiertage!$B:$C, 2, 0), IF(OR(WEEKDAY(A33,2)=6, WEEKDAY(A33,2)=7), Feiertage!$C$23, "")) | R33: =IF(OR(WEEKDAY(A33,2)=6,WEEKDAY(A33,2)=7),0,IFERROR(IF(VLOOKUP(A33,Feiertage!$B:$D,3,0)="ja",0,Summen!$B$9),Summen!$B$9)) -> 8.4 | S33: =SUM(C33:Q33) -> 0 | T33: =S33-R33 -> -8.4 | U33: =U32+T33 -> -634.36 | X33: =V33+W33*Summen!$B$44 -> 0 | AG33: =(Z33-Y33)+(AB33-AA33)+(AD33-AC33)+(AF33-AE33) -> 0 | AH33: =HOUR(AG33) -> 0 | AI33: =MINUTE(AG33)/60 -> 0 | AJ33: =AH33+AI33 -> 0 | AL33: =SUM(C33:Q33)-AJ33 -> 0
A34: Total | C34: =SUM(C4:C33) -> 0 | D34: =SUM(D4:D33) -> 0 | E34: =SUM(E4:E33) -> 0 | F34: =SUM(F4:F33) -> 0 | G34: =SUM(G4:G33) -> 0 | H34: =SUM(H4:H33) -> 0 | I34: =SUM(I4:I33) -> 0 | J34: =SUM(J4:J33) -> 0 | ... T34: =SUM(T4:T33) -> -176.4 | U34: =U33 -> -634.36 | V34: =SUM(V4:V33) -> 0 | W34: =SUM(W4:W33)*Summen!$B$44 -> 0 | X34: =V34+W34 -> 0 | AJ34: =SUM(AJ4:AJ33) -> 0 | AL34: =SUM(C34:Q34)-AJ34 -> 0

Sheet Dez
A1: =Summen!B1 -> Alta Engineering AG | F1: Monatsblatt | H1: Name: | J1: =Summen!B3 -> Michael Küng | N1: Monat: | P1: =Nov!P1+30 -> 46357 | S1: Anstellung : | U1: =Summen!B5 -> 1 | W1: Blatt Nr. | X1: =Nov!X1+1 -> 12
C2: Ferien: | E2: =Summen!B18 -> 10.8 | F2: Bezogen: | H2: =Nov!H2+(Nov!Q34/Summen!B9) -> 1 | I2: Rest: | J2: =E2-H2 -> 9.8 | T2: Stundenübertrag Vormonat : | U2: =Nov!U34 -> -634.36 | V2: Spesen
A3: Projekte | L3: krank | M3: Reisezeit | N3: CAD | O3: Ausbildung | P3: Büro | Q3: Ferien | R3: Soll | S3: Ist | T3: +/- | U3: Stand | V3: Fr. | W3: Km | X3: Summe | Y3: Start [hh:mm] | Z3: Stop [hh:mm] | AA3: Start [hh:mm] | AB3: Stop [hh:mm] | AC3: Start [hh:mm] | AD3: Stop [hh:mm] | AE3: Start [hh:mm] | AF3: Stop [hh:mm] | AG3: Ist-Zeit [hh:mm] | AH3: Ist-Zeit [hh] | AI3: Ist-Zeit [.hh] | AJ3: Ist-Zeit [h.h] | AL3: Aufteilung - Istzeit
A4: =P1 -> 46357 | B4: =IFERROR(VLOOKUP(A4, Feiertage!$B:$C, 2, 0), IF(OR(WEEKDAY(A4,2)=6, WEEKDAY(A4,2)=7), Feiertage!$C$23, "")) | R4: =IF(OR(WEEKDAY(A4,2)=6,WEEKDAY(A4,2)=7),0,IFERROR(IF(VLOOKUP(A4,Feiertage!$B:$D,3,0)="ja",0,Summen!$B$9),Summen!$B$9)) -> 8.4 | S4: =SUM(C4:Q4) -> 0 | T4: =S4-R4 -> -8.4 | U4: =U2+T4 -> -642.76 | X4: =V4+W4*Summen!$B$44 -> 0 | AG4: =(Z4-Y4)+(AB4-AA4)+(AD4-AC4)+(AF4-AE4) -> 0 | AH4: =HOUR(AG4) -> 0 | AI4: =MINUTE(AG4)/60 -> 0 | AJ4: =AH4+AI4 -> 0 | AL4: =SUM(C4:Q4)-AJ4 -> 0
A5: =A4+1 -> 46358 | B5: =IFERROR(VLOOKUP(A5, Feiertage!$B:$C, 2, 0), IF(OR(WEEKDAY(A5,2)=6, WEEKDAY(A5,2)=7), Feiertage!$C$23, "")) | R5: =IF(OR(WEEKDAY(A5,2)=6,WEEKDAY(A5,2)=7),0,IFERROR(IF(VLOOKUP(A5,Feiertage!$B:$D,3,0)="ja",0,Summen!$B$9),Summen!$B$9)) -> 8.4 | S5: =SUM(C5:Q5) -> 0 | T5: =S5-R5 -> -8.4 | U5: =U4+T5 -> -651.16 | X5: =V5+W5*Summen!$B$44 -> 0 | AG5: =(Z5-Y5)+(AB5-AA5)+(AD5-AC5)+(AF5-AE5) -> 0 | AH5: =HOUR(AG5) -> 0 | AI5: =MINUTE(AG5)/60 -> 0 | AJ5: =AH5+AI5 -> 0 | AL5: =SUM(C5:Q5)-AJ5 -> 0
A6: =A5+1 -> 46359 | B6: =IFERROR(VLOOKUP(A6, Feiertage!$B:$C, 2, 0), IF(OR(WEEKDAY(A6,2)=6, WEEKDAY(A6,2)=7), Feiertage!$C$23, "")) | R6: =IF(OR(WEEKDAY(A6,2)=6,WEEKDAY(A6,2)=7),0,IFERROR(IF(VLOOKUP(A6,Feiertage!$B:$D,3,0)="ja",0,Summen!$B$9),Summen!$B$9)) -> 8.4 | S6: =SUM(C6:Q6) -> 0 | T6: =S6-R6 -> -8.4 | U6: =U5+T6 -> -659.56 | X6: =V6+W6*Summen!$B$44 -> 0 | AG6: =(Z6-Y6)+(AB6-AA6)+(AD6-AC6)+(AF6-AE6) -> 0 | AH6: =HOUR(AG6) -> 0 | AI6: =MINUTE(AG6)/60 -> 0 | AJ6: =AH6+AI6 -> 0 | AL6: =SUM(C6:Q6)-AJ6 -> 0
A7: =A6+1 -> 46360 | B7: =IFERROR(VLOOKUP(A7, Feiertage!$B:$C, 2, 0), IF(OR(WEEKDAY(A7,2)=6, WEEKDAY(A7,2)=7), Feiertage!$C$23, "")) | R7: =IF(OR(WEEKDAY(A7,2)=6,WEEKDAY(A7,2)=7),0,IFERROR(IF(VLOOKUP(A7,Feiertage!$B:$D,3,0)="ja",0,Summen!$B$9),Summen!$B$9)) -> 8.4 | S7: =SUM(C7:Q7) -> 0 | T7: =S7-R7 -> -8.4 | U7: =U6+T7 -> -667.96 | X7: =V7+W7*Summen!$B$44 -> 0 | AG7: =(Z7-Y7)+(AB7-AA7)+(AD7-AC7)+(AF7-AE7) -> 0 | AH7: =HOUR(AG7) -> 0 | AI7: =MINUTE(AG7)/60 -> 0 | AJ7: =AH7+AI7 -> 0 | AL7: =SUM(C7:Q7)-AJ7 -> 0
A8: =A7+1 -> 46361 | B8: =IFERROR(VLOOKUP(A8, Feiertage!$B:$C, 2, 0), IF(OR(WEEKDAY(A8,2)=6, WEEKDAY(A8,2)=7), Feiertage!$C$23, "")) -> * * * * * * * * Wochenende * * * * * * * * * * * * * * * * * * * * * * * * * * * * * * * * * * * * * * * * * * * * * * * * | R8: =IF(OR(WEEKDAY(A8,2)=6,WEEKDAY(A8,2)=7),0,IFERROR(IF(VLOOKUP(A8,Feiertage!$B:$D,3,0)="ja",0,Summen!$B$9),Summen!$B$9)) -> 0 | S8: =SUM(C8:Q8) -> 0 | T8: =S8-R8 -> 0 | U8: =U7+T8 -> -667.96 | X8: =V8+W8*Summen!$B$44 -> 0 | AG8: =(Z8-Y8)+(AB8-AA8)+(AD8-AC8)+(AF8-AE8) -> 0 | AH8: =HOUR(AG8) -> 0 | AI8: =MINUTE(AG8)/60 -> 0 | AJ8: =AH8+AI8 -> 0 | AL8: =SUM(C8:Q8)-AJ8 -> 0
A9: =A8+1 -> 46362 | B9: =IFERROR(VLOOKUP(A9, Feiertage!$B:$C, 2, 0), IF(OR(WEEKDAY(A9,2)=6, WEEKDAY(A9,2)=7), Feiertage!$C$23, "")) -> * * * * * * * * Wochenende * * * * * * * * * * * * * * * * * * * * * * * * * * * * * * * * * * * * * * * * * * * * * * * * | R9: =IF(OR(WEEKDAY(A9,2)=6,WEEKDAY(A9,2)=7),0,IFERROR(IF(VLOOKUP(A9,Feiertage!$B:$D,3,0)="ja",0,Summen!$B$9),Summen!$B$9)) -> 0 | S9: =SUM(C9:Q9) -> 0 | T9: =S9-R9 -> 0 | U9: =U8+T9 -> -667.96 | X9: =V9+W9*Summen!$B$44 -> 0 | AG9: =(Z9-Y9)+(AB9-AA9)+(AD9-AC9)+(AF9-AE9) -> 0 | AH9: =HOUR(AG9) -> 0 | AI9: =MINUTE(AG9)/60 -> 0 | AJ9: =AH9+AI9 -> 0 | AL9: =SUM(C9:Q9)-AJ9 -> 0
A10: =A9+1 -> 46363 | B10: =IFERROR(VLOOKUP(A10, Feiertage!$B:$C, 2, 0), IF(OR(WEEKDAY(A10,2)=6, WEEKDAY(A10,2)=7), Feiertage!$C$23, "")) | R10: =IF(OR(WEEKDAY(A10,2)=6,WEEKDAY(A10,2)=7),0,IFERROR(IF(VLOOKUP(A10,Feiertage!$B:$D,3,0)="ja",0,Summen!$B$9),Summen!$B$9)) -> 8.4 | S10: =SUM(C10:Q10) -> 0 | T10: =S10-R10 -> -8.4 | U10: =U9+T10 -> -676.36 | X10: =V10+W10*Summen!$B$44 -> 0 | AG10: =(Z10-Y10)+(AB10-AA10)+(AD10-AC10)+(AF10-AE10) -> 0 | AH10: =HOUR(AG10) -> 0 | AI10: =MINUTE(AG10)/60 -> 0 | AJ10: =AH10+AI10 -> 0 | AL10: =SUM(C10:Q10)-AJ10 -> 0
A11: =A10+1 -> 46364 | B11: =IFERROR(VLOOKUP(A11, Feiertage!$B:$C, 2, 0), IF(OR(WEEKDAY(A11,2)=6, WEEKDAY(A11,2)=7), Feiertage!$C$23, "")) -> * * * * * * * * Maria Empfängnis * * * * * * * * * * * * * * * * * * * * * * * * * * * * * * * * * * * * * * * * * * * * * | R11: =IF(OR(WEEKDAY(A11,2)=6,WEEKDAY(A11,2)=7),0,IFERROR(IF(VLOOKUP(A11,Feiertage!$B:$D,3,0)="ja",0,Summen!$B$9),Summen!$B$9)) -> 0 | S11: =SUM(C11:Q11) -> 0 | T11: =S11-R11 -> 0 | U11: =U10+T11 -> -676.36 | X11: =V11+W11*Summen!$B$44 -> 0 | AG11: =(Z11-Y11)+(AB11-AA11)+(AD11-AC11)+(AF11-AE11) -> 0 | AH11: =HOUR(AG11) -> 0 | AI11: =MINUTE(AG11)/60 -> 0 | AJ11: =AH11+AI11 -> 0 | AL11: =SUM(C11:Q11)-AJ11 -> 0
A12: =A11+1 -> 46365 | B12: =IFERROR(VLOOKUP(A12, Feiertage!$B:$C, 2, 0), IF(OR(WEEKDAY(A12,2)=6, WEEKDAY(A12,2)=7), Feiertage!$C$23, "")) | R12: =IF(OR(WEEKDAY(A12,2)=6,WEEKDAY(A12,2)=7),0,IFERROR(IF(VLOOKUP(A12,Feiertage!$B:$D,3,0)="ja",0,Summen!$B$9),Summen!$B$9)) -> 8.4 | S12: =SUM(C12:Q12) -> 0 | T12: =S12-R12 -> -8.4 | U12: =U11+T12 -> -684.76 | X12: =V12+W12*Summen!$B$44 -> 0 | AG12: =(Z12-Y12)+(AB12-AA12)+(AD12-AC12)+(AF12-AE12) -> 0 | AH12: =HOUR(AG12) -> 0 | AI12: =MINUTE(AG12)/60 -> 0 | AJ12: =AH12+AI12 -> 0 | AL12: =SUM(C12:Q12)-AJ12 -> 0
A13: =A12+1 -> 46366 | B13: =IFERROR(VLOOKUP(A13, Feiertage!$B:$C, 2, 0), IF(OR(WEEKDAY(A13,2)=6, WEEKDAY(A13,2)=7), Feiertage!$C$23, "")) | R13: =IF(OR(WEEKDAY(A13,2)=6,WEEKDAY(A13,2)=7),0,IFERROR(IF(VLOOKUP(A13,Feiertage!$B:$D,3,0)="ja",0,Summen!$B$9),Summen!$B$9)) -> 8.4 | S13: =SUM(C13:Q13) -> 0 | T13: =S13-R13 -> -8.4 | U13: =U12+T13 -> -693.16 | X13: =V13+W13*Summen!$B$44 -> 0 | AG13: =(Z13-Y13)+(AB13-AA13)+(AD13-AC13)+(AF13-AE13) -> 0 | AH13: =HOUR(AG13) -> 0 | AI13: =MINUTE(AG13)/60 -> 0 | AJ13: =AH13+AI13 -> 0 | AL13: =SUM(C13:Q13)-AJ13 -> 0
A14: =A13+1 -> 46367 | B14: =IFERROR(VLOOKUP(A14, Feiertage!$B:$C, 2, 0), IF(OR(WEEKDAY(A14,2)=6, WEEKDAY(A14,2)=7), Feiertage!$C$23, "")) | R14: =IF(OR(WEEKDAY(A14,2)=6,WEEKDAY(A14,2)=7),0,IFERROR(IF(VLOOKUP(A14,Feiertage!$B:$D,3,0)="ja",0,Summen!$B$9),Summen!$B$9)) -> 8.4 | S14: =SUM(C14:Q14) -> 0 | T14: =S14-R14 -> -8.4 | U14: =U13+T14 -> -701.56 | X14: =V14+W14*Summen!$B$44 -> 0 | AG14: =(Z14-Y14)+(AB14-AA14)+(AD14-AC14)+(AF14-AE14) -> 0 | AH14: =HOUR(AG14) -> 0 | AI14: =MINUTE(AG14)/60 -> 0 | AJ14: =AH14+AI14 -> 0 | AL14: =SUM(C14:Q14)-AJ14 -> 0
A15: =A14+1 -> 46368 | B15: =IFERROR(VLOOKUP(A15, Feiertage!$B:$C, 2, 0), IF(OR(WEEKDAY(A15,2)=6, WEEKDAY(A15,2)=7), Feiertage!$C$23, "")) -> * * * * * * * * Wochenende * * * * * * * * * * * * * * * * * * * * * * * * * * * * * * * * * * * * * * * * * * * * * * * * | R15: =IF(OR(WEEKDAY(A15,2)=6,WEEKDAY(A15,2)=7),0,IFERROR(IF(VLOOKUP(A15,Feiertage!$B:$D,3,0)="ja",0,Summen!$B$9),Summen!$B$9)) -> 0 | S15: =SUM(C15:Q15) -> 0 | T15: =S15-R15 -> 0 | U15: =U14+T15 -> -701.56 | X15: =V15+W15*Summen!$B$44 -> 0 | AG15: =(Z15-Y15)+(AB15-AA15)+(AD15-AC15)+(AF15-AE15) -> 0 | AH15: =HOUR(AG15) -> 0 | AI15: =MINUTE(AG15)/60 -> 0 | AJ15: =AH15+AI15 -> 0 | AL15: =SUM(C15:Q15)-AJ15 -> 0
A16: =A15+1 -> 46369 | B16: =IFERROR(VLOOKUP(A16, Feiertage!$B:$C, 2, 0), IF(OR(WEEKDAY(A16,2)=6, WEEKDAY(A16,2)=7), Feiertage!$C$23, "")) -> * * * * * * * * Wochenende * * * * * * * * * * * * * * * * * * * * * * * * * * * * * * * * * * * * * * * * * * * * * * * * | R16: =IF(OR(WEEKDAY(A16,2)=6,WEEKDAY(A16,2)=7),0,IFERROR(IF(VLOOKUP(A16,Feiertage!$B:$D,3,0)="ja",0,Summen!$B$9),Summen!$B$9)) -> 0 | S16: =SUM(C16:Q16) -> 0 | T16: =S16-R16 -> 0 | U16: =U15+T16 -> -701.56 | X16: =V16+W16*Summen!$B$44 -> 0 | AG16: =(Z16-Y16)+(AB16-AA16)+(AD16-AC16)+(AF16-AE16) -> 0 | AH16: =HOUR(AG16) -> 0 | AI16: =MINUTE(AG16)/60 -> 0 | AJ16: =AH16+AI16 -> 0 | AL16: =SUM(C16:Q16)-AJ16 -> 0
... A34: =A33+1 -> 46387 | B34: =IFERROR(VLOOKUP(A34, Feiertage!$B:$C, 2, 0), IF(OR(WEEKDAY(A34,2)=6, WEEKDAY(A34,2)=7), Feiertage!$C$23, "")) | R34: =IF(OR(WEEKDAY(A34,2)=6,WEEKDAY(A34,2)=7),0,IFERROR(IF(VLOOKUP(A34,Feiertage!$B:$D,3,0)="ja",0,Summen!$B$9),Summen!$B$9)) -> 8.4 | S34: =SUM(C34:Q34) -> 0 | T34: =S34-R34 -> -8.4 | U34: =U33+T34 -> -810.76 | X34: =V34+W34*Summen!$B$44 -> 0 | AG34: =(Z34-Y34)+(AB34-AA34)+(AD34-AC34)+(AF34-AE34) -> 0 | AH34: =HOUR(AG34) -> 0 | AI34: =MINUTE(AG34)/60 -> 0 | AJ34: =AH34+AI34 -> 0 | AL34: =SUM(C34:Q34)-AJ34 -> 0
A35: Total | C35: =SUM(C4:C34) -> 0 | D35: =SUM(D4:D34) -> 0 | E35: =SUM(E4:E34) -> 0 | F35: =SUM(F4:F34) -> 0 | G35: =SUM(G4:G34) -> 0 | H35: =SUM(H4:H34) -> 0 | I35: =SUM(I4:I34) -> 0 | J35: =SUM(J4:J34) -> 0 | ... T35: =SUM(T4:T34) -> -176.4 | U35: =U34 -> -810.76 | V35: =SUM(V4:V34) -> 0 | W35: =SUM(W4:W34)*Summen!$B$44 -> 0 | X35: =V35+W35 -> 0 | AJ35: =SUM(AJ4:AJ34) -> 0 | AL35: =SUM(C35:Q35)-AJ35 -> 0

Sheet Summen
A1: Firmenname: | B1: Alta Engineering AG
A3: Name: | B3: Michael Küng
A5: Anstellung Prozent | B5: 1
A6: Arbeitsstunden pro Woche | B6: 42
B8: [hh.hh] | C8: [mm.mm]
A9: Arbeitszeit pro Tag | B9: =B6/5*B5 -> 8.4 | C9: =B9*60 -> 504
A10: Anzahl Vorholtage | B10: 0 | C10: =B10*60 -> 0
A11: Vorholzeit pro Tag | B11: =B25/C25-B9 -> 0 | C11: =B11*60 -> 0
A12: Arbeitszeit pro Tag inkl. Vorholzeit | B12: =B9+B11 -> 8.4 | C12: =B12*60 -> 504
A14: Stundenübertrag altes Jahr | B14: 0
A15: Ferienübertrag altes Jahr | B15: 0
A16: Jahresferientage neu hinzu | B16: =6.5/12*20-0.00333333 -> 10.83
A17: Anzahl Arbeitsmonate | B17: 12
A18: Ferien Guthaben | B18: =ROUND(B15+B17/12*B16,1) -> 10.8
A19: Ferien bezogen im aktuellen Jahr | B19: =Dez!H2+(Dez!Q35/B9) -> 1
A20: Ferienübertrag nächstes Jahr | B20: =B18-B19 -> 9.8
B22: Stunden | C22: Arbeitstage
A23: Soll-Jahresarbeitszeit o.F.o.F | B23: =(Jan!R35+Feb!R32+Mar!R35+Apr!R34+Mai!R35+Jun!R34+Jul!R35+Aug!R35+Sep!R34+Okt!R35+Nov!R34+Dez!R35)*(B17/12) -> 1184.4 | C23: =B23/B9 -> 141
A24: Soll-Jahresarbeitszeit m.F.o.F | B24: =(Jan!R35+Feb!R32+Mar!R35+Apr!R34+Mai!R35+Jun!R34+Jul!R35+Aug!R35+Sep!R34+Okt!R35+Nov!R34+Dez!R35-B18*B9)*(B17/12) -> 1093.68 | C24: =B24/B9 -> 130.2
A25: Soll-Jahresarbeitszeit m.F.m.F | B25: =(Jan!R35+Feb!R32+Mar!R35+Apr!R34+Mai!R35+Jun!R34+Jul!R35+Aug!R35+Sep!R34+Okt!R35+Nov!R34+Dez!R35-B18*B9)*(B17/12) -> 1093.68 | C25: =C24-B10 -> 130.2
A27: Jahr | B27: 46023
A29: Monat | B29: Soll-Stunden | C29: Arbeitsstunden
A30: =Jan!P1 -> 46023 | B30: =Jan!R35 -> 0 | C30: =Jan!S35 -> 0
A31: =Feb!P1 -> 46054 | B31: =Feb!R32 -> 0 | C31: =Feb!S32 -> 0
A32: =Mar!P1 -> 46082 | B32: =Mar!R35 -> 0 | C32: =Mar!S35 -> 0
A33: =Apr!P1 -> 46113 | B33: =Apr!R34 -> 0 | C33: =Apr!S34 -> 0
A34: =Mai!P1 -> 46143 | B34: =Mai!R35 -> 0 | C34: =Mai!S35 -> 0
A35: =Jun!P1 -> 46174 | B35: =Jun!R34 -> 100.8 | C35: =Jun!S34 -> 103.29
A36: =Jul!P1 -> 46204 | B36: =Jul!R35 -> 193.2 | C36: =Jul!S35 -> 186.35
A37: =Aug!P1 -> 46235 | B37: =Aug!R35 -> 176.4 | C37: =Aug!S35 -> 84
A38: =Sep!P1 -> 46266 | B38: =Sep!R34 -> 176.4 | C38: =Sep!S34 -> 0
A39: =Okt!P1 -> 46296 | B39: =Okt!R35 -> 184.8 | C39: =Okt!S35 -> 0
A40: =Nov!P1 -> 46327 | B40: =Nov!R34 -> 176.4 | C40: =Nov!S34 -> 0
A41: =Dez!P1 -> 46357 | B41: =Dez!R35 -> 176.4 | C41: =Dez!S35 -> 0
B42: =SUM(B30:B41) -> 1184.4 | C42: =SUM(C30:C41) -> 373.64
A44: Kilometer Spesensatz | B44: 0.7
A46: Spesen | B46: CHF | C46: Km | D46: Gesamt
A47: Monat
A48: =Jan!P1 -> 46023 | B48: =Jan!V35 -> 0 | C48: =Jan!W35 -> 0 | D48: =B48+C48 -> 0
A49: =Feb!P1 -> 46054 | B49: =Feb!V32 -> 0 | C49: =Feb!W32 -> 0 | D49: =B49+C49 -> 0
A50: =Mar!P1 -> 46082 | B50: =Mar!V35 -> 0 | C50: =Mar!W35 -> 0 | D50: =B50+C50 -> 0
A51: =Apr!P1 -> 46113 | B51: =Apr!V34 -> 0 | C51: =Apr!W34 -> 0 | D51: =B51+C51 -> 0
A52: =Mai!P1 -> 46143 | B52: =Mai!V35 -> 0 | C52: =Mai!W35 -> 0 | D52: =B52+C52 -> 0
A53: =Jun!P1 -> 46174 | B53: =Jun!V34 -> 0 | C53: =Jun!W34 -> 0 | D53: =B53+C53 -> 0
A54: =Jul!P1 -> 46204 | B54: =Jul!V35 -> 0 | C54: =Jul!W35 -> 0 | D54: =B54+C54 -> 0
A55: =Aug!P1 -> 46235 | B55: =Aug!V35 -> 0 | C55: =Aug!W35 -> 0 | D55: =B55+C55 -> 0
A56: =Sep!P1 -> 46266 | B56: =Sep!V34 -> 0 | C56: =Sep!W34 -> 0 | D56: =B56+C56 -> 0
A57: =Okt!P1 -> 46296 | B57: =Okt!V35 -> 0 | C57: =Okt!W35 -> 0 | D57: =B57+C57 -> 0
A58: =Nov!P1 -> 46327 | B58: =Nov!V34 -> 0 | C58: =Nov!W34 -> 0 | D58: =B58+C58 -> 0
A59: =Dez!P1 -> 46357 | B59: =Dez!V35 -> 0 | C59: =Dez!W35 -> 0 | D59: =B59+C59 -> 0
A60: Gesamt | B60: =SUM(B48:B59) -> 0 | C60: =SUM(C48:C59) -> 0 | D60: =B60+C60 -> 0

Sheet Feiertage
B3: Datum | C3: Feiertag | D3: bezahlt / unbezahlt
B4: 46023 | C4: * * * * * * * * Neujahr * * * * * * * * * * * * * * * * * * * * * * * * * * * * * * * * * * * * * * * * * * * * * * * * * * * * | D4: ja
B5: 46100 | C5: * * * * * * * * Josefstag * * * * * * * * * * * * * * * * * * * * * * * * * * * * * * * * * * * * * * * * * * * * * * * * * * | D5: ja
B6: 46115 | C6: * * * * * * * * Karfreitag * * * * * * * * * * * * * * * * * * * * * * * * * * * * * * * * * * * * * * * * * * * * * * * * * * | D6: ja
B7: 46118 | C7: * * * * * * * * Ostermontag * * * * * * * * * * * * * * * * * * * * * * * * * * * * * * * * * * * * * * * * * * * * * * * * | D7: nein
B8: 46156 | C8: * * * * * * * * Auffahrt * * * * * * * * * * * * * * * * * * * * * * * * * * * * * * * * * * * * * * * * * * * * * * * * * * * * | D8: ja
B9: 46167 | C9: * * * * * * * * Pfingstmontag * * * * * * * * * * * * * * * * * * * * * * * * * * * * * * * * * * * * * * * * * * * * * * * | D9: nein
B10: 46177 | C10: * * * * * * * * Fronleichnam * * * * * * * * * * * * * * * * * * * * * * * * * * * * * * * * * * * * * * * * * * * * * * * * | D10: ja
B11: 46235 | C11: * * * * * * * * Nationalfeiertag * * * * * * * * * * * * * * * * * * * * * * * * * * * * * * * * * * * * * * * * * * * * * * | D11: ja
B12: 46249 | C12: * * * * * * * * Maria Himmelfahrt * * * * * * * * * * * * * * * * * * * * * * * * * * * * * * * * * * * * * * * * * * * * | D12: ja
B13: 46267 | C13: * * * * * * * * Justustag * * * * * * * * * * * * * * * * * * * * * * * * * * * * * * * * * * * * * * * * * * * * * * * * * * | D13: ja
B14: 46327 | C14: * * * * * * * * Allerheiligen * * * * * * * * * * * * * * * * * * * * * * * * * * * * * * * * * * * * * * * * * * * * * * * * * | D14: ja
B15: 46364 | C15: * * * * * * * * Maria Empfängnis * * * * * * * * * * * * * * * * * * * * * * * * * * * * * * * * * * * * * * * * * * * * * | D15: ja
... B17: 46382 | C17: * * * * * * * * Stephanstag * * * * * * * * * * * * * * * * * * * * * * * * * * * * * * * * * * * * * * * * * * * * * * * * * | D17: ja
H21: =IFERROR(VLOOKUP(A21, Feiertage!$B:$C, 2, 0),"")
C22: Wochenende
C23: * * * * * * * * Wochenende * * * * * * * * * * * * * * * * * * * * * * * * * * * * * * * * * * * * * * * * * * * * * * * *
